Matrix Size,Kernel Size,Threads,Run ID,Execution Time (Microseconds),Correctness
256x256,3,1,1,7189.66,Correct!
256x256,3,1,2,6973.73,Correct!
256x256,3,1,3,7509.92,Correct!
256x256,3,1,4,7339.27,Correct!
256x256,3,1,5,5537.54,Correct!
256x256,3,1,6,7462.29,Correct!
256x256,3,1,7,7562.84,Correct!
256x256,3,1,8,6953.68,Correct!
256x256,3,1,9,7760.00,Correct!
256x256,3,1,10,7532.79,Correct!
256x256,3,1,11,7022.35,Correct!
256x256,3,1,12,7386.80,Correct!
256x256,3,1,13,6976.44,Correct!
256x256,3,1,14,4863.18,Correct!
256x256,3,1,15,7591.79,Correct!
256x256,3,1,16,7673.94,Correct!
256x256,3,1,17,9362.76,Correct!
256x256,3,1,18,7550.48,Correct!
256x256,3,1,19,7205.81,Correct!
256x256,3,1,20,7601.26,Correct!
256x256,3,1,21,7871.44,Correct!
256x256,3,1,22,7787.34,Correct!
256x256,3,1,23,7544.81,Correct!
256x256,3,1,24,8105.47,Correct!
256x256,3,1,25,7538.39,Correct!
256x256,3,1,26,8771.19,Correct!
256x256,3,1,27,7543.44,Correct!
256x256,3,1,28,7525.31,Correct!
256x256,3,1,29,7256.37,Correct!
256x256,3,1,30,7397.35,Correct!
256x256,3,2,1,4953.39,Correct!
256x256,3,2,2,4694.96,Correct!
256x256,3,2,3,5349.58,Correct!
256x256,3,2,4,5189.99,Correct!
256x256,3,2,5,4903.85,Correct!
256x256,3,2,6,5044.95,Correct!
256x256,3,2,7,5223.97,Correct!
256x256,3,2,8,5453.12,Correct!
256x256,3,2,9,4790.46,Correct!
256x256,3,2,10,4712.97,Correct!
256x256,3,2,11,4979.62,Correct!
256x256,3,2,12,4961.10,Correct!
256x256,3,2,13,4974.22,Correct!
256x256,3,2,14,4419.43,Correct!
256x256,3,2,15,4696.73,Correct!
256x256,3,2,16,5345.46,Correct!
256x256,3,2,17,4354.17,Correct!
256x256,3,2,18,4968.68,Correct!
256x256,3,2,19,2818.65,Correct!
256x256,3,2,20,5004.88,Correct!
256x256,3,2,21,3182.63,Correct!
256x256,3,2,22,6102.27,Correct!
256x256,3,2,23,5012.12,Correct!
256x256,3,2,24,4939.37,Correct!
256x256,3,2,25,5001.27,Correct!
256x256,3,2,26,5415.32,Correct!
256x256,3,2,27,5441.20,Correct!
256x256,3,2,28,4979.05,Correct!
256x256,3,2,29,4937.30,Correct!
256x256,3,2,30,5040.88,Correct!
256x256,3,4,1,2677.36,Correct!
256x256,3,4,2,3332.76,Correct!
256x256,3,4,3,2545.92,Correct!
256x256,3,4,4,3301.45,Correct!
256x256,3,4,5,2546.31,Correct!
256x256,3,4,6,3469.60,Correct!
256x256,3,4,7,2532.47,Correct!
256x256,3,4,8,3378.54,Correct!
256x256,3,4,9,2848.26,Correct!
256x256,3,4,10,3239.40,Correct!
256x256,3,4,11,3322.07,Correct!
256x256,3,4,12,3503.84,Correct!
256x256,3,4,13,3234.52,Correct!
256x256,3,4,14,3722.74,Correct!
256x256,3,4,15,3359.49,Correct!
256x256,3,4,16,3248.62,Correct!
256x256,3,4,17,3603.19,Correct!
256x256,3,4,18,3622.37,Correct!
256x256,3,4,19,3284.51,Correct!
256x256,3,4,20,3363.86,Correct!
256x256,3,4,21,3565.18,Correct!
256x256,3,4,22,3637.60,Correct!
256x256,3,4,23,3672.81,Correct!
256x256,3,4,24,3278.97,Correct!
256x256,3,4,25,3268.18,Correct!
256x256,3,4,26,3594.41,Correct!
256x256,3,4,27,3612.92,Correct!
256x256,3,4,28,3741.49,Correct!
256x256,3,4,29,3558.87,Correct!
256x256,3,4,30,3056.43,Correct!
256x256,3,8,1,2538.81,Correct!
256x256,3,8,2,2954.00,Correct!
256x256,3,8,3,2927.85,Correct!
256x256,3,8,4,2989.50,Correct!
256x256,3,8,5,2278.52,Correct!
256x256,3,8,6,2838.48,Correct!
256x256,3,8,7,2264.97,Correct!
256x256,3,8,8,2915.73,Correct!
256x256,3,8,9,2703.63,Correct!
256x256,3,8,10,2561.49,Correct!
256x256,3,8,11,1981.44,Correct!
256x256,3,8,12,1822.19,Correct!
256x256,3,8,13,2847.25,Correct!
256x256,3,8,14,2848.09,Correct!
256x256,3,8,15,2041.00,Correct!
256x256,3,8,16,2694.31,Correct!
256x256,3,8,17,2130.79,Correct!
256x256,3,8,18,2554.62,Correct!
256x256,3,8,19,1809.60,Correct!
256x256,3,8,20,2781.95,Correct!
256x256,3,8,21,2554.89,Correct!
256x256,3,8,22,2768.35,Correct!
256x256,3,8,23,2182.81,Correct!
256x256,3,8,24,3138.14,Correct!
256x256,3,8,25,2068.80,Correct!
256x256,3,8,26,3222.67,Correct!
256x256,3,8,27,2197.58,Correct!
256x256,3,8,28,3080.45,Correct!
256x256,3,8,29,2360.82,Correct!
256x256,3,8,30,2556.55,Correct!
256x256,3,16,1,1491.82,Correct!
256x256,3,16,2,3458.54,Correct!
256x256,3,16,3,1513.08,Correct!
256x256,3,16,4,1395.40,Correct!
256x256,3,16,5,2236.01,Correct!
256x256,3,16,6,2403.80,Correct!
256x256,3,16,7,2884.19,Correct!
256x256,3,16,8,2921.73,Correct!
256x256,3,16,9,2530.88,Correct!
256x256,3,16,10,3068.27,Correct!
256x256,3,16,11,2440.41,Correct!
256x256,3,16,12,2807.38,Correct!
256x256,3,16,13,2453.87,Correct!
256x256,3,16,14,2426.67,Correct!
256x256,3,16,15,2452.57,Correct!
256x256,3,16,16,2572.89,Correct!
256x256,3,16,17,2533.01,Correct!
256x256,3,16,18,3010.68,Correct!
256x256,3,16,19,2526.17,Correct!
256x256,3,16,20,2488.80,Correct!
256x256,3,16,21,2739.64,Correct!
256x256,3,16,22,2516.93,Correct!
256x256,3,16,23,2826.79,Correct!
256x256,3,16,24,2463.35,Correct!
256x256,3,16,25,2486.10,Correct!
256x256,3,16,26,2203.86,Correct!
256x256,3,16,27,2402.46,Correct!
256x256,3,16,28,2335.11,Correct!
256x256,3,16,29,2951.43,Correct!
256x256,3,16,30,2489.24,Correct!
256x256,3,32,1,5071.87,Correct!
256x256,3,32,2,2121.69,Correct!
256x256,3,32,3,2223.26,Correct!
256x256,3,32,4,2960.12,Correct!
256x256,3,32,5,2961.48,Correct!
256x256,3,32,6,3440.36,Correct!
256x256,3,32,7,3091.90,Correct!
256x256,3,32,8,3371.54,Correct!
256x256,3,32,9,3006.62,Correct!
256x256,3,32,10,3345.52,Correct!
256x256,3,32,11,3641.36,Correct!
256x256,3,32,12,3098.61,Correct!
256x256,3,32,13,3040.77,Correct!
256x256,3,32,14,3691.77,Correct!
256x256,3,32,15,2297.60,Correct!
256x256,3,32,16,4273.82,Correct!
256x256,3,32,17,3303.26,Correct!
256x256,3,32,18,3500.20,Correct!
256x256,3,32,19,3124.84,Correct!
256x256,3,32,20,3098.29,Correct!
256x256,3,32,21,3540.37,Correct!
256x256,3,32,22,3003.52,Correct!
256x256,3,32,23,3411.63,Correct!
256x256,3,32,24,2965.65,Correct!
256x256,3,32,25,3206.65,Correct!
256x256,3,32,26,2856.17,Correct!
256x256,3,32,27,3458.17,Correct!
256x256,3,32,28,2563.84,Correct!
256x256,3,32,29,3400.98,Correct!
256x256,3,32,30,2839.29,Correct!
256x256,5,1,1,14601.31,Correct!
256x256,5,1,2,15018.07,Correct!
256x256,5,1,3,14926.09,Correct!
256x256,5,1,4,15657.63,Correct!
256x256,5,1,5,16001.99,Correct!
256x256,5,1,6,14579.80,Correct!
256x256,5,1,7,14508.63,Correct!
256x256,5,1,8,14347.77,Correct!
256x256,5,1,9,14279.57,Correct!
256x256,5,1,10,15770.95,Correct!
256x256,5,1,11,13791.29,Correct!
256x256,5,1,12,15128.51,Correct!
256x256,5,1,13,15995.21,Correct!
256x256,5,1,14,13582.80,Correct!
256x256,5,1,15,15616.59,Correct!
256x256,5,1,16,12238.07,Correct!
256x256,5,1,17,15362.51,Correct!
256x256,5,1,18,13769.30,Correct!
256x256,5,1,19,14990.68,Correct!
256x256,5,1,20,16319.92,Correct!
256x256,5,1,21,14996.27,Correct!
256x256,5,1,22,14468.51,Correct!
256x256,5,1,23,14637.98,Correct!
256x256,5,1,24,13453.94,Correct!
256x256,5,1,25,15361.93,Correct!
256x256,5,1,26,15594.41,Correct!
256x256,5,1,27,14277.00,Correct!
256x256,5,1,28,14814.72,Correct!
256x256,5,1,29,14905.01,Correct!
256x256,5,1,30,15560.31,Correct!
256x256,5,2,1,9745.22,Correct!
256x256,5,2,2,11035.44,Correct!
256x256,5,2,3,8233.10,Correct!
256x256,5,2,4,7108.73,Correct!
256x256,5,2,5,8934.89,Correct!
256x256,5,2,6,10824.13,Correct!
256x256,5,2,7,8205.10,Correct!
256x256,5,2,8,10530.23,Correct!
256x256,5,2,9,12619.99,Correct!
256x256,5,2,10,5035.24,Correct!
256x256,5,2,11,11554.23,Correct!
256x256,5,2,12,8487.99,Correct!
256x256,5,2,13,9601.11,Correct!
256x256,5,2,14,10502.31,Correct!
256x256,5,2,15,9737.27,Correct!
256x256,5,2,16,9312.23,Correct!
256x256,5,2,17,7016.55,Correct!
256x256,5,2,18,12666.39,Correct!
256x256,5,2,19,5162.10,Correct!
256x256,5,2,20,6152.77,Correct!
256x256,5,2,21,7812.37,Correct!
256x256,5,2,22,8087.00,Correct!
256x256,5,2,23,9237.64,Correct!
256x256,5,2,24,5804.14,Correct!
256x256,5,2,25,14891.04,Correct!
256x256,5,2,26,9686.01,Correct!
256x256,5,2,27,10473.71,Correct!
256x256,5,2,28,10653.37,Correct!
256x256,5,2,29,10809.33,Correct!
256x256,5,2,30,10868.22,Correct!
256x256,5,4,1,6754.30,Correct!
256x256,5,4,2,7033.95,Correct!
256x256,5,4,3,6539.32,Correct!
256x256,5,4,4,6762.30,Correct!
256x256,5,4,5,6855.35,Correct!
256x256,5,4,6,6533.40,Correct!
256x256,5,4,7,6088.52,Correct!
256x256,5,4,8,6669.06,Correct!
256x256,5,4,9,6741.92,Correct!
256x256,5,4,10,6618.81,Correct!
256x256,5,4,11,6641.30,Correct!
256x256,5,4,12,6546.48,Correct!
256x256,5,4,13,6620.98,Correct!
256x256,5,4,14,6920.86,Correct!
256x256,5,4,15,3498.94,Correct!
256x256,5,4,16,2974.59,Correct!
256x256,5,4,17,6777.02,Correct!
256x256,5,4,18,2948.53,Correct!
256x256,5,4,19,5336.21,Correct!
256x256,5,4,20,3765.16,Correct!
256x256,5,4,21,5888.52,Correct!
256x256,5,4,22,6436.57,Correct!
256x256,5,4,23,4207.94,Correct!
256x256,5,4,24,6525.27,Correct!
256x256,5,4,25,3196.60,Correct!
256x256,5,4,26,5744.35,Correct!
256x256,5,4,27,3324.74,Correct!
256x256,5,4,28,6072.69,Correct!
256x256,5,4,29,7530.82,Correct!
256x256,5,4,30,6856.81,Correct!
256x256,5,8,1,2887.66,Correct!
256x256,5,8,2,2707.43,Correct!
256x256,5,8,3,2993.07,Correct!
256x256,5,8,4,2972.83,Correct!
256x256,5,8,5,5369.94,Correct!
256x256,5,8,6,2942.72,Correct!
256x256,5,8,7,3426.46,Correct!
256x256,5,8,8,2140.40,Correct!
256x256,5,8,9,4438.62,Correct!
256x256,5,8,10,2858.54,Correct!
256x256,5,8,11,4168.57,Correct!
256x256,5,8,12,3165.70,Correct!
256x256,5,8,13,3275.98,Correct!
256x256,5,8,14,4576.34,Correct!
256x256,5,8,15,4482.66,Correct!
256x256,5,8,16,4522.94,Correct!
256x256,5,8,17,4141.31,Correct!
256x256,5,8,18,3146.57,Correct!
256x256,5,8,19,4140.82,Correct!
256x256,5,8,20,2231.80,Correct!
256x256,5,8,21,3026.86,Correct!
256x256,5,8,22,4260.29,Correct!
256x256,5,8,23,3787.60,Correct!
256x256,5,8,24,3864.72,Correct!
256x256,5,8,25,4044.54,Correct!
256x256,5,8,26,4239.07,Correct!
256x256,5,8,27,4162.58,Correct!
256x256,5,8,28,3562.66,Correct!
256x256,5,8,29,4528.71,Correct!
256x256,5,8,30,4338.72,Correct!
256x256,5,16,1,4670.73,Correct!
256x256,5,16,2,1914.95,Correct!
256x256,5,16,3,2267.12,Correct!
256x256,5,16,4,4747.13,Correct!
256x256,5,16,5,3190.73,Correct!
256x256,5,16,6,3496.80,Correct!
256x256,5,16,7,3345.17,Correct!
256x256,5,16,8,3248.84,Correct!
256x256,5,16,9,3831.98,Correct!
256x256,5,16,10,3632.94,Correct!
256x256,5,16,11,3366.75,Correct!
256x256,5,16,12,3297.89,Correct!
256x256,5,16,13,3274.26,Correct!
256x256,5,16,14,3244.86,Correct!
256x256,5,16,15,3348.78,Correct!
256x256,5,16,16,3323.69,Correct!
256x256,5,16,17,3386.75,Correct!
256x256,5,16,18,3696.73,Correct!
256x256,5,16,19,3395.15,Correct!
256x256,5,16,20,4009.05,Correct!
256x256,5,16,21,3323.12,Correct!
256x256,5,16,22,3823.65,Correct!
256x256,5,16,23,3559.46,Correct!
256x256,5,16,24,3190.09,Correct!
256x256,5,16,25,3200.48,Correct!
256x256,5,16,26,3258.00,Correct!
256x256,5,16,27,4755.01,Correct!
256x256,5,16,28,3008.93,Correct!
256x256,5,16,29,2939.37,Correct!
256x256,5,16,30,3143.11,Correct!
256x256,5,32,1,4298.21,Correct!
256x256,5,32,2,4314.29,Correct!
256x256,5,32,3,3128.12,Correct!
256x256,5,32,4,4009.33,Correct!
256x256,5,32,5,2965.78,Correct!
256x256,5,32,6,5141.83,Correct!
256x256,5,32,7,4082.93,Correct!
256x256,5,32,8,4007.95,Correct!
256x256,5,32,9,2226.29,Correct!
256x256,5,32,10,3050.20,Correct!
256x256,5,32,11,4142.98,Correct!
256x256,5,32,12,3529.78,Correct!
256x256,5,32,13,4456.48,Correct!
256x256,5,32,14,4551.69,Correct!
256x256,5,32,15,3146.64,Correct!
256x256,5,32,16,4240.47,Correct!
256x256,5,32,17,2908.71,Correct!
256x256,5,32,18,3616.00,Correct!
256x256,5,32,19,2980.70,Correct!
256x256,5,32,20,3904.74,Correct!
256x256,5,32,21,3713.72,Correct!
256x256,5,32,22,3568.66,Correct!
256x256,5,32,23,3122.88,Correct!
256x256,5,32,24,4149.75,Correct!
256x256,5,32,25,3143.76,Correct!
256x256,5,32,26,4045.39,Correct!
256x256,5,32,27,3441.21,Correct!
256x256,5,32,28,3105.24,Correct!
256x256,5,32,29,2255.63,Correct!
256x256,5,32,30,3611.66,Correct!
256x256,7,1,1,25056.46,Correct!
256x256,7,1,2,23469.69,Correct!
256x256,7,1,3,24215.51,Correct!
256x256,7,1,4,24141.44,Correct!
256x256,7,1,5,23649.12,Correct!
256x256,7,1,6,24167.45,Correct!
256x256,7,1,7,23168.16,Correct!
256x256,7,1,8,23467.40,Correct!
256x256,7,1,9,23837.45,Correct!
256x256,7,1,10,23562.16,Correct!
256x256,7,1,11,23511.85,Correct!
256x256,7,1,12,23123.25,Correct!
256x256,7,1,13,24146.79,Correct!
256x256,7,1,14,24752.71,Correct!
256x256,7,1,15,18321.84,Correct!
256x256,7,1,16,24217.60,Correct!
256x256,7,1,17,23850.17,Correct!
256x256,7,1,18,30849.04,Correct!
256x256,7,1,19,24581.83,Correct!
256x256,7,1,20,31210.03,Correct!
256x256,7,1,21,17071.20,Correct!
256x256,7,1,22,24474.08,Correct!
256x256,7,1,23,15513.08,Correct!
256x256,7,1,24,23850.95,Correct!
256x256,7,1,25,21771.90,Correct!
256x256,7,1,26,24043.40,Correct!
256x256,7,1,27,17577.54,Correct!
256x256,7,1,28,23240.53,Correct!
256x256,7,1,29,23593.48,Correct!
256x256,7,1,30,23549.09,Correct!
256x256,7,2,1,10692.69,Correct!
256x256,7,2,2,17511.51,Correct!
256x256,7,2,3,10427.03,Correct!
256x256,7,2,4,17418.01,Correct!
256x256,7,2,5,15516.93,Correct!
256x256,7,2,6,11498.42,Correct!
256x256,7,2,7,19667.76,Correct!
256x256,7,2,8,12497.57,Correct!
256x256,7,2,9,17636.29,Correct!
256x256,7,2,10,21602.38,Correct!
256x256,7,2,11,12407.67,Correct!
256x256,7,2,12,17390.71,Correct!
256x256,7,2,13,9047.04,Correct!
256x256,7,2,14,15815.57,Correct!
256x256,7,2,15,17174.26,Correct!
256x256,7,2,16,17310.70,Correct!
256x256,7,2,17,18096.59,Correct!
256x256,7,2,18,8081.59,Correct!
256x256,7,2,19,14789.95,Correct!
256x256,7,2,20,15295.22,Correct!
256x256,7,2,21,17243.07,Correct!
256x256,7,2,22,16324.18,Correct!
256x256,7,2,23,17200.76,Correct!
256x256,7,2,24,15631.83,Correct!
256x256,7,2,25,17228.24,Correct!
256x256,7,2,26,17131.88,Correct!
256x256,7,2,27,13495.31,Correct!
256x256,7,2,28,17421.23,Correct!
256x256,7,2,29,14054.39,Correct!
256x256,7,2,30,17018.00,Correct!
256x256,7,4,1,10933.03,Correct!
256x256,7,4,2,10913.66,Correct!
256x256,7,4,3,11349.90,Correct!
256x256,7,4,4,11243.34,Correct!
256x256,7,4,5,10676.15,Correct!
256x256,7,4,6,11493.16,Correct!
256x256,7,4,7,11786.91,Correct!
256x256,7,4,8,11169.07,Correct!
256x256,7,4,9,10733.25,Correct!
256x256,7,4,10,11431.55,Correct!
256x256,7,4,11,11034.71,Correct!
256x256,7,4,12,9831.05,Correct!
256x256,7,4,13,10673.40,Correct!
256x256,7,4,14,11266.07,Correct!
256x256,7,4,15,10922.98,Correct!
256x256,7,4,16,11389.57,Correct!
256x256,7,4,17,11483.67,Correct!
256x256,7,4,18,10855.83,Correct!
256x256,7,4,19,4847.05,Correct!
256x256,7,4,20,12901.21,Correct!
256x256,7,4,21,8728.86,Correct!
256x256,7,4,22,11367.98,Correct!
256x256,7,4,23,11183.74,Correct!
256x256,7,4,24,10925.11,Correct!
256x256,7,4,25,6901.81,Correct!
256x256,7,4,26,11650.23,Correct!
256x256,7,4,27,6135.11,Correct!
256x256,7,4,28,10438.82,Correct!
256x256,7,4,29,10749.10,Correct!
256x256,7,4,30,11590.88,Correct!
256x256,7,8,1,5422.27,Correct!
256x256,7,8,2,6974.31,Correct!
256x256,7,8,3,6024.29,Correct!
256x256,7,8,4,7422.53,Correct!
256x256,7,8,5,4756.24,Correct!
256x256,7,8,6,5013.67,Correct!
256x256,7,8,7,4425.93,Correct!
256x256,7,8,8,6753.62,Correct!
256x256,7,8,9,5270.85,Correct!
256x256,7,8,10,4818.21,Correct!
256x256,7,8,11,6066.50,Correct!
256x256,7,8,12,5643.30,Correct!
256x256,7,8,13,7293.58,Correct!
256x256,7,8,14,3768.91,Correct!
256x256,7,8,15,7539.71,Correct!
256x256,7,8,16,4359.08,Correct!
256x256,7,8,17,6728.32,Correct!
256x256,7,8,18,4238.89,Correct!
256x256,7,8,19,5715.42,Correct!
256x256,7,8,20,4455.44,Correct!
256x256,7,8,21,7072.06,Correct!
256x256,7,8,22,4416.26,Correct!
256x256,7,8,23,7212.90,Correct!
256x256,7,8,24,3522.49,Correct!
256x256,7,8,25,6328.70,Correct!
256x256,7,8,26,6854.85,Correct!
256x256,7,8,27,6796.32,Correct!
256x256,7,8,28,7308.18,Correct!
256x256,7,8,29,6894.27,Correct!
256x256,7,8,30,7168.52,Correct!
256x256,7,16,1,5045.27,Correct!
256x256,7,16,2,4459.60,Correct!
256x256,7,16,3,4604.47,Correct!
256x256,7,16,4,4578.41,Correct!
256x256,7,16,5,4933.56,Correct!
256x256,7,16,6,4866.13,Correct!
256x256,7,16,7,4539.68,Correct!
256x256,7,16,8,4392.68,Correct!
256x256,7,16,9,4509.46,Correct!
256x256,7,16,10,4884.87,Correct!
256x256,7,16,11,4556.48,Correct!
256x256,7,16,12,4487.44,Correct!
256x256,7,16,13,4542.14,Correct!
256x256,7,16,14,4439.81,Correct!
256x256,7,16,15,4725.52,Correct!
256x256,7,16,16,3656.22,Correct!
256x256,7,16,17,5574.08,Correct!
256x256,7,16,18,2461.22,Correct!
256x256,7,16,19,3711.39,Correct!
256x256,7,16,20,4517.05,Correct!
256x256,7,16,21,4796.29,Correct!
256x256,7,16,22,3782.27,Correct!
256x256,7,16,23,4623.48,Correct!
256x256,7,16,24,3869.27,Correct!
256x256,7,16,25,5155.61,Correct!
256x256,7,16,26,3745.32,Correct!
256x256,7,16,27,5857.19,Correct!
256x256,7,16,28,3322.54,Correct!
256x256,7,16,29,5201.85,Correct!
256x256,7,16,30,3416.31,Correct!
256x256,7,32,1,4131.76,Correct!
256x256,7,32,2,3839.67,Correct!
256x256,7,32,3,6109.07,Correct!
256x256,7,32,4,2422.07,Correct!
256x256,7,32,5,2519.66,Correct!
256x256,7,32,6,4212.21,Correct!
256x256,7,32,7,3077.34,Correct!
256x256,7,32,8,5780.14,Correct!
256x256,7,32,9,2605.76,Correct!
256x256,7,32,10,6834.64,Correct!
256x256,7,32,11,2757.26,Correct!
256x256,7,32,12,5581.00,Correct!
256x256,7,32,13,2549.76,Correct!
256x256,7,32,14,2903.94,Correct!
256x256,7,32,15,4834.10,Correct!
256x256,7,32,16,2564.01,Correct!
256x256,7,32,17,4266.02,Correct!
256x256,7,32,18,4259.51,Correct!
256x256,7,32,19,5940.69,Correct!
256x256,7,32,20,3555.81,Correct!
256x256,7,32,21,5658.43,Correct!
256x256,7,32,22,3574.28,Correct!
256x256,7,32,23,6675.79,Correct!
256x256,7,32,24,4316.06,Correct!
256x256,7,32,25,5808.50,Correct!
256x256,7,32,26,3942.27,Correct!
256x256,7,32,27,5614.55,Correct!
256x256,7,32,28,4308.26,Correct!
256x256,7,32,29,4986.86,Correct!
256x256,7,32,30,3874.66,Correct!
256x256,9,1,1,27378.91,Correct!
256x256,9,1,2,31442.89,Correct!
256x256,9,1,3,31826.42,Correct!
256x256,9,1,4,33467.46,Correct!
256x256,9,1,5,33692.66,Correct!
256x256,9,1,6,34552.52,Correct!
256x256,9,1,7,34645.01,Correct!
256x256,9,1,8,33712.33,Correct!
256x256,9,1,9,33438.77,Correct!
256x256,9,1,10,34462.50,Correct!
256x256,9,1,11,33691.43,Correct!
256x256,9,1,12,33749.89,Correct!
256x256,9,1,13,34191.54,Correct!
256x256,9,1,14,32391.75,Correct!
256x256,9,1,15,31980.41,Correct!
256x256,9,1,16,30921.49,Correct!
256x256,9,1,17,33606.67,Correct!
256x256,9,1,18,29968.72,Correct!
256x256,9,1,19,37463.74,Correct!
256x256,9,1,20,33304.21,Correct!
256x256,9,1,21,34255.80,Correct!
256x256,9,1,22,33898.96,Correct!
256x256,9,1,23,34595.67,Correct!
256x256,9,1,24,34184.83,Correct!
256x256,9,1,25,33194.04,Correct!
256x256,9,1,26,34496.76,Correct!
256x256,9,1,27,30454.07,Correct!
256x256,9,1,28,34876.86,Correct!
256x256,9,1,29,33076.16,Correct!
256x256,9,1,30,33814.87,Correct!
256x256,9,2,1,19197.60,Correct!
256x256,9,2,2,25049.16,Correct!
256x256,9,2,3,23904.99,Correct!
256x256,9,2,4,25021.11,Correct!
256x256,9,2,5,22155.63,Correct!
256x256,9,2,6,24441.65,Correct!
256x256,9,2,7,21031.46,Correct!
256x256,9,2,8,21213.40,Correct!
256x256,9,2,9,24473.00,Correct!
256x256,9,2,10,24250.09,Correct!
256x256,9,2,11,22536.86,Correct!
256x256,9,2,12,20524.68,Correct!
256x256,9,2,13,25054.26,Correct!
256x256,9,2,14,23971.89,Correct!
256x256,9,2,15,24104.79,Correct!
256x256,9,2,16,24313.24,Correct!
256x256,9,2,17,25012.12,Correct!
256x256,9,2,18,24550.80,Correct!
256x256,9,2,19,23061.85,Correct!
256x256,9,2,20,24492.29,Correct!
256x256,9,2,21,23880.65,Correct!
256x256,9,2,22,20963.14,Correct!
256x256,9,2,23,24765.66,Correct!
256x256,9,2,24,24377.82,Correct!
256x256,9,2,25,23987.98,Correct!
256x256,9,2,26,24173.16,Correct!
256x256,9,2,27,30264.88,Correct!
256x256,9,2,28,20219.13,Correct!
256x256,9,2,29,24502.42,Correct!
256x256,9,2,30,28883.30,Correct!
256x256,9,4,1,16089.61,Correct!
256x256,9,4,2,15601.13,Correct!
256x256,9,4,3,13420.84,Correct!
256x256,9,4,4,14122.77,Correct!
256x256,9,4,5,13924.33,Correct!
256x256,9,4,6,16946.24,Correct!
256x256,9,4,7,20122.69,Correct!
256x256,9,4,8,8345.25,Correct!
256x256,9,4,9,19823.54,Correct!
256x256,9,4,10,11972.61,Correct!
256x256,9,4,11,16956.45,Correct!
256x256,9,4,12,8082.27,Correct!
256x256,9,4,13,16587.30,Correct!
256x256,9,4,14,12252.52,Correct!
256x256,9,4,15,17607.54,Correct!
256x256,9,4,16,8134.79,Correct!
256x256,9,4,17,16738.96,Correct!
256x256,9,4,18,13471.93,Correct!
256x256,9,4,19,16799.40,Correct!
256x256,9,4,20,16585.36,Correct!
256x256,9,4,21,13299.35,Correct!
256x256,9,4,22,16706.03,Correct!
256x256,9,4,23,7825.45,Correct!
256x256,9,4,24,17309.74,Correct!
256x256,9,4,25,10212.76,Correct!
256x256,9,4,26,16026.40,Correct!
256x256,9,4,27,12623.16,Correct!
256x256,9,4,28,14676.05,Correct!
256x256,9,4,29,19695.79,Correct!
256x256,9,4,30,9020.96,Correct!
256x256,9,8,1,11479.01,Correct!
256x256,9,8,2,8879.81,Correct!
256x256,9,8,3,11915.53,Correct!
256x256,9,8,4,6606.37,Correct!
256x256,9,8,5,7509.84,Correct!
256x256,9,8,6,10525.14,Correct!
256x256,9,8,7,10274.91,Correct!
256x256,9,8,8,10236.88,Correct!
256x256,9,8,9,10466.35,Correct!
256x256,9,8,10,10350.44,Correct!
256x256,9,8,11,10166.90,Correct!
256x256,9,8,12,10157.58,Correct!
256x256,9,8,13,10262.34,Correct!
256x256,9,8,14,10151.26,Correct!
256x256,9,8,15,10205.88,Correct!
256x256,9,8,16,10199.27,Correct!
256x256,9,8,17,10355.85,Correct!
256x256,9,8,18,10208.33,Correct!
256x256,9,8,19,10176.18,Correct!
256x256,9,8,20,10736.90,Correct!
256x256,9,8,21,10457.05,Correct!
256x256,9,8,22,10206.86,Correct!
256x256,9,8,23,10616.89,Correct!
256x256,9,8,24,11529.95,Correct!
256x256,9,8,25,11530.58,Correct!
256x256,9,8,26,5306.63,Correct!
256x256,9,8,27,10123.38,Correct!
256x256,9,8,28,10171.06,Correct!
256x256,9,8,29,10154.98,Correct!
256x256,9,8,30,7900.62,Correct!
256x256,9,16,1,8823.16,Correct!
256x256,9,16,2,5371.83,Correct!
256x256,9,16,3,10123.36,Correct!
256x256,9,16,4,6529.11,Correct!
256x256,9,16,5,5426.17,Correct!
256x256,9,16,6,5972.38,Correct!
256x256,9,16,7,9165.53,Correct!
256x256,9,16,8,6621.04,Correct!
256x256,9,16,9,5133.52,Correct!
256x256,9,16,10,6736.90,Correct!
256x256,9,16,11,5140.68,Correct!
256x256,9,16,12,7410.74,Correct!
256x256,9,16,13,5655.93,Correct!
256x256,9,16,14,7356.35,Correct!
256x256,9,16,15,4371.88,Correct!
256x256,9,16,16,7448.86,Correct!
256x256,9,16,17,6450.33,Correct!
256x256,9,16,18,7494.48,Correct!
256x256,9,16,19,6309.67,Correct!
256x256,9,16,20,5227.23,Correct!
256x256,9,16,21,8772.50,Correct!
256x256,9,16,22,4574.59,Correct!
256x256,9,16,23,8445.56,Correct!
256x256,9,16,24,6299.52,Correct!
256x256,9,16,25,8780.86,Correct!
256x256,9,16,26,6551.65,Correct!
256x256,9,16,27,6290.75,Correct!
256x256,9,16,28,6408.36,Correct!
256x256,9,16,29,6276.09,Correct!
256x256,9,16,30,6526.61,Correct!
256x256,9,32,1,5210.52,Correct!
256x256,9,32,2,5201.45,Correct!
256x256,9,32,3,5740.80,Correct!
256x256,9,32,4,4831.60,Correct!
256x256,9,32,5,5439.34,Correct!
256x256,9,32,6,5436.90,Correct!
256x256,9,32,7,5724.31,Correct!
256x256,9,32,8,5052.59,Correct!
256x256,9,32,9,4892.60,Correct!
256x256,9,32,10,5272.15,Correct!
256x256,9,32,11,5185.38,Correct!
256x256,9,32,12,4988.72,Correct!
256x256,9,32,13,5123.59,Correct!
256x256,9,32,14,5424.37,Correct!
256x256,9,32,15,5216.82,Correct!
256x256,9,32,16,6046.98,Correct!
256x256,9,32,17,4249.13,Correct!
256x256,9,32,18,4723.87,Correct!
256x256,9,32,19,4522.20,Correct!
256x256,9,32,20,5633.27,Correct!
256x256,9,32,21,4673.65,Correct!
256x256,9,32,22,4274.76,Correct!
256x256,9,32,23,4748.62,Correct!
256x256,9,32,24,4337.75,Correct!
256x256,9,32,25,4369.89,Correct!
256x256,9,32,26,5017.77,Correct!
256x256,9,32,27,4917.70,Correct!
256x256,9,32,28,4432.59,Correct!
256x256,9,32,29,3960.59,Correct!
256x256,9,32,30,4268.31,Correct!
512x512,3,1,1,16166.18,Correct!
512x512,3,1,2,20695.77,Correct!
512x512,3,1,3,15874.17,Correct!
512x512,3,1,4,16138.70,Correct!
512x512,3,1,5,15927.66,Correct!
512x512,3,1,6,11017.28,Correct!
512x512,3,1,7,15955.35,Correct!
512x512,3,1,8,11536.84,Correct!
512x512,3,1,9,16107.57,Correct!
512x512,3,1,10,15862.25,Correct!
512x512,3,1,11,16432.66,Correct!
512x512,3,1,12,15964.12,Correct!
512x512,3,1,13,15835.32,Correct!
512x512,3,1,14,16074.42,Correct!
512x512,3,1,15,15800.75,Correct!
512x512,3,1,16,15793.08,Correct!
512x512,3,1,17,15811.24,Correct!
512x512,3,1,18,15846.69,Correct!
512x512,3,1,19,15820.80,Correct!
512x512,3,1,20,15799.38,Correct!
512x512,3,1,21,15883.35,Correct!
512x512,3,1,22,15755.98,Correct!
512x512,3,1,23,18825.41,Correct!
512x512,3,1,24,15937.05,Correct!
512x512,3,1,25,16019.50,Correct!
512x512,3,1,26,15945.41,Correct!
512x512,3,1,27,15933.17,Correct!
512x512,3,1,28,15942.54,Correct!
512x512,3,1,29,15927.65,Correct!
512x512,3,1,30,15892.05,Correct!
512x512,3,2,1,9767.95,Correct!
512x512,3,2,2,10709.85,Correct!
512x512,3,2,3,11086.05,Correct!
512x512,3,2,4,12637.96,Correct!
512x512,3,2,5,12239.52,Correct!
512x512,3,2,6,12469.43,Correct!
512x512,3,2,7,12659.71,Correct!
512x512,3,2,8,12247.75,Correct!
512x512,3,2,9,10110.18,Correct!
512x512,3,2,10,10697.38,Correct!
512x512,3,2,11,11665.83,Correct!
512x512,3,2,12,12287.92,Correct!
512x512,3,2,13,9916.83,Correct!
512x512,3,2,14,11299.33,Correct!
512x512,3,2,15,10823.05,Correct!
512x512,3,2,16,9724.03,Correct!
512x512,3,2,17,11862.07,Correct!
512x512,3,2,18,12229.47,Correct!
512x512,3,2,19,12250.40,Correct!
512x512,3,2,20,12232.89,Correct!
512x512,3,2,21,12303.89,Correct!
512x512,3,2,22,12435.90,Correct!
512x512,3,2,23,12459.37,Correct!
512x512,3,2,24,12179.00,Correct!
512x512,3,2,25,12228.97,Correct!
512x512,3,2,26,12256.96,Correct!
512x512,3,2,27,12271.71,Correct!
512x512,3,2,28,12462.16,Correct!
512x512,3,2,29,12360.51,Correct!
512x512,3,2,30,12228.17,Correct!
512x512,3,4,1,8623.60,Correct!
512x512,3,4,2,6996.24,Correct!
512x512,3,4,3,7862.98,Correct!
512x512,3,4,4,6634.66,Correct!
512x512,3,4,5,8760.62,Correct!
512x512,3,4,6,6255.89,Correct!
512x512,3,4,7,6310.50,Correct!
512x512,3,4,8,5946.48,Correct!
512x512,3,4,9,6280.10,Correct!
512x512,3,4,10,8788.83,Correct!
512x512,3,4,11,8847.83,Correct!
512x512,3,4,12,7978.46,Correct!
512x512,3,4,13,8895.15,Correct!
512x512,3,4,14,8828.17,Correct!
512x512,3,4,15,6233.87,Correct!
512x512,3,4,16,6222.29,Correct!
512x512,3,4,17,9425.54,Correct!
512x512,3,4,18,8848.41,Correct!
512x512,3,4,19,9012.29,Correct!
512x512,3,4,20,8627.22,Correct!
512x512,3,4,21,6218.28,Correct!
512x512,3,4,22,7582.58,Correct!
512x512,3,4,23,12371.11,Correct!
512x512,3,4,24,8987.84,Correct!
512x512,3,4,25,8866.98,Correct!
512x512,3,4,26,8954.04,Correct!
512x512,3,4,27,8821.38,Correct!
512x512,3,4,28,8908.82,Correct!
512x512,3,4,29,8865.91,Correct!
512x512,3,4,30,8826.91,Correct!
512x512,3,8,1,6343.49,Correct!
512x512,3,8,2,6176.53,Correct!
512x512,3,8,3,6074.75,Correct!
512x512,3,8,4,6132.00,Correct!
512x512,3,8,5,5924.45,Correct!
512x512,3,8,6,4667.51,Correct!
512x512,3,8,7,4885.51,Correct!
512x512,3,8,8,5525.53,Correct!
512x512,3,8,9,5110.40,Correct!
512x512,3,8,10,6117.73,Correct!
512x512,3,8,11,6788.95,Correct!
512x512,3,8,12,7160.43,Correct!
512x512,3,8,13,5955.27,Correct!
512x512,3,8,14,5715.05,Correct!
512x512,3,8,15,4853.33,Correct!
512x512,3,8,16,4591.86,Correct!
512x512,3,8,17,6809.76,Correct!
512x512,3,8,18,6344.38,Correct!
512x512,3,8,19,5427.40,Correct!
512x512,3,8,20,5773.66,Correct!
512x512,3,8,21,6766.30,Correct!
512x512,3,8,22,5438.67,Correct!
512x512,3,8,23,5887.90,Correct!
512x512,3,8,24,5896.01,Correct!
512x512,3,8,25,5288.71,Correct!
512x512,3,8,26,5592.24,Correct!
512x512,3,8,27,6244.26,Correct!
512x512,3,8,28,5772.63,Correct!
512x512,3,8,29,6304.83,Correct!
512x512,3,8,30,6373.85,Correct!
512x512,3,16,1,5002.73,Correct!
512x512,3,16,2,4670.86,Correct!
512x512,3,16,3,4739.37,Correct!
512x512,3,16,4,4560.36,Correct!
512x512,3,16,5,4760.91,Correct!
512x512,3,16,6,4550.79,Correct!
512x512,3,16,7,4611.61,Correct!
512x512,3,16,8,4608.45,Correct!
512x512,3,16,9,6359.39,Correct!
512x512,3,16,10,4016.19,Correct!
512x512,3,16,11,3987.09,Correct!
512x512,3,16,12,4079.80,Correct!
512x512,3,16,13,5066.34,Correct!
512x512,3,16,14,5175.29,Correct!
512x512,3,16,15,5673.92,Correct!
512x512,3,16,16,5754.24,Correct!
512x512,3,16,17,4907.16,Correct!
512x512,3,16,18,3973.83,Correct!
512x512,3,16,19,4916.23,Correct!
512x512,3,16,20,5584.52,Correct!
512x512,3,16,21,4506.17,Correct!
512x512,3,16,22,4349.27,Correct!
512x512,3,16,23,4091.01,Correct!
512x512,3,16,24,3994.33,Correct!
512x512,3,16,25,3849.94,Correct!
512x512,3,16,26,4659.27,Correct!
512x512,3,16,27,4438.03,Correct!
512x512,3,16,28,4400.17,Correct!
512x512,3,16,29,4006.08,Correct!
512x512,3,16,30,4532.41,Correct!
512x512,3,32,1,6392.51,Correct!
512x512,3,32,2,4212.34,Correct!
512x512,3,32,3,4338.46,Correct!
512x512,3,32,4,6025.70,Correct!
512x512,3,32,5,4409.86,Correct!
512x512,3,32,6,4595.47,Correct!
512x512,3,32,7,4102.76,Correct!
512x512,3,32,8,4693.19,Correct!
512x512,3,32,9,4899.93,Correct!
512x512,3,32,10,4238.80,Correct!
512x512,3,32,11,5016.90,Correct!
512x512,3,32,12,5223.52,Correct!
512x512,3,32,13,4291.93,Correct!
512x512,3,32,14,5643.63,Correct!
512x512,3,32,15,5614.71,Correct!
512x512,3,32,16,5561.24,Correct!
512x512,3,32,17,5306.99,Correct!
512x512,3,32,18,4982.91,Correct!
512x512,3,32,19,5415.32,Correct!
512x512,3,32,20,5663.22,Correct!
512x512,3,32,21,6612.87,Correct!
512x512,3,32,22,5191.72,Correct!
512x512,3,32,23,5112.81,Correct!
512x512,3,32,24,4265.32,Correct!
512x512,3,32,25,4928.14,Correct!
512x512,3,32,26,4935.05,Correct!
512x512,3,32,27,5037.40,Correct!
512x512,3,32,28,4820.17,Correct!
512x512,3,32,29,5016.54,Correct!
512x512,3,32,30,4810.67,Correct!
512x512,5,1,1,37244.03,Correct!
512x512,5,1,2,37214.25,Correct!
512x512,5,1,3,37184.04,Correct!
512x512,5,1,4,37816.79,Correct!
512x512,5,1,5,36965.89,Correct!
512x512,5,1,6,36983.09,Correct!
512x512,5,1,7,36989.62,Correct!
512x512,5,1,8,37036.08,Correct!
512x512,5,1,9,37043.75,Correct!
512x512,5,1,10,37092.44,Correct!
512x512,5,1,11,37111.54,Correct!
512x512,5,1,12,37026.80,Correct!
512x512,5,1,13,37079.73,Correct!
512x512,5,1,14,37087.23,Correct!
512x512,5,1,15,37144.39,Correct!
512x512,5,1,16,37209.05,Correct!
512x512,5,1,17,36963.92,Correct!
512x512,5,1,18,36991.64,Correct!
512x512,5,1,19,53263.34,Correct!
512x512,5,1,20,37085.59,Correct!
512x512,5,1,21,37253.34,Correct!
512x512,5,1,22,37347.31,Correct!
512x512,5,1,23,37172.92,Correct!
512x512,5,1,24,37091.83,Correct!
512x512,5,1,25,37063.61,Correct!
512x512,5,1,26,37341.03,Correct!
512x512,5,1,27,37088.54,Correct!
512x512,5,1,28,41042.35,Correct!
512x512,5,1,29,37825.19,Correct!
512x512,5,1,30,36982.41,Correct!
512x512,5,2,1,26381.90,Correct!
512x512,5,2,2,26517.54,Correct!
512x512,5,2,3,26431.20,Correct!
512x512,5,2,4,26631.02,Correct!
512x512,5,2,5,26752.46,Correct!
512x512,5,2,6,26541.43,Correct!
512x512,5,2,7,26807.82,Correct!
512x512,5,2,8,26572.57,Correct!
512x512,5,2,9,20755.18,Correct!
512x512,5,2,10,26606.72,Correct!
512x512,5,2,11,26823.03,Correct!
512x512,5,2,12,26601.38,Correct!
512x512,5,2,13,24418.03,Correct!
512x512,5,2,14,26745.23,Correct!
512x512,5,2,15,26543.94,Correct!
512x512,5,2,16,29390.58,Correct!
512x512,5,2,17,26848.22,Correct!
512x512,5,2,18,26866.33,Correct!
512x512,5,2,19,26342.97,Correct!
512x512,5,2,20,26339.47,Correct!
512x512,5,2,21,26680.93,Correct!
512x512,5,2,22,22609.32,Correct!
512x512,5,2,23,25099.98,Correct!
512x512,5,2,24,26838.58,Correct!
512x512,5,2,25,23976.33,Correct!
512x512,5,2,26,20103.77,Correct!
512x512,5,2,27,26070.23,Correct!
512x512,5,2,28,26886.08,Correct!
512x512,5,2,29,26676.82,Correct!
512x512,5,2,30,26353.54,Correct!
512x512,5,4,1,18627.26,Correct!
512x512,5,4,2,18558.83,Correct!
512x512,5,4,3,18401.43,Correct!
512x512,5,4,4,18742.32,Correct!
512x512,5,4,5,18354.30,Correct!
512x512,5,4,6,18578.18,Correct!
512x512,5,4,7,19253.44,Correct!
512x512,5,4,8,18615.71,Correct!
512x512,5,4,9,17231.67,Correct!
512x512,5,4,10,18884.29,Correct!
512x512,5,4,11,13306.82,Correct!
512x512,5,4,12,18127.83,Correct!
512x512,5,4,13,19065.08,Correct!
512x512,5,4,14,15197.64,Correct!
512x512,5,4,15,17911.10,Correct!
512x512,5,4,16,18233.48,Correct!
512x512,5,4,17,16804.67,Correct!
512x512,5,4,18,18496.59,Correct!
512x512,5,4,19,18050.87,Correct!
512x512,5,4,20,18932.10,Correct!
512x512,5,4,21,17638.76,Correct!
512x512,5,4,22,14909.83,Correct!
512x512,5,4,23,17839.62,Correct!
512x512,5,4,24,17911.65,Correct!
512x512,5,4,25,18499.24,Correct!
512x512,5,4,26,18114.04,Correct!
512x512,5,4,27,13157.30,Correct!
512x512,5,4,28,19100.94,Correct!
512x512,5,4,29,20776.05,Correct!
512x512,5,4,30,18141.69,Correct!
512x512,5,8,1,12201.68,Correct!
512x512,5,8,2,11847.42,Correct!
512x512,5,8,3,12219.55,Correct!
512x512,5,8,4,11999.40,Correct!
512x512,5,8,5,12210.64,Correct!
512x512,5,8,6,12308.44,Correct!
512x512,5,8,7,12015.71,Correct!
512x512,5,8,8,12082.69,Correct!
512x512,5,8,9,11762.20,Correct!
512x512,5,8,10,10601.12,Correct!
512x512,5,8,11,12117.72,Correct!
512x512,5,8,12,11762.68,Correct!
512x512,5,8,13,10807.86,Correct!
512x512,5,8,14,10594.07,Correct!
512x512,5,8,15,10431.12,Correct!
512x512,5,8,16,10987.87,Correct!
512x512,5,8,17,12114.60,Correct!
512x512,5,8,18,10189.85,Correct!
512x512,5,8,19,13198.92,Correct!
512x512,5,8,20,10101.18,Correct!
512x512,5,8,21,11241.03,Correct!
512x512,5,8,22,11457.14,Correct!
512x512,5,8,23,10900.97,Correct!
512x512,5,8,24,10049.56,Correct!
512x512,5,8,25,10332.82,Correct!
512x512,5,8,26,11057.50,Correct!
512x512,5,8,27,11933.34,Correct!
512x512,5,8,28,11954.51,Correct!
512x512,5,8,29,11854.81,Correct!
512x512,5,8,30,11985.87,Correct!
512x512,5,16,1,8126.57,Correct!
512x512,5,16,2,7766.13,Correct!
512x512,5,16,3,7909.31,Correct!
512x512,5,16,4,7923.99,Correct!
512x512,5,16,5,7712.95,Correct!
512x512,5,16,6,7756.06,Correct!
512x512,5,16,7,7883.27,Correct!
512x512,5,16,8,7908.63,Correct!
512x512,5,16,9,7971.75,Correct!
512x512,5,16,10,8075.86,Correct!
512x512,5,16,11,7943.58,Correct!
512x512,5,16,12,5896.65,Correct!
512x512,5,16,13,8182.77,Correct!
512x512,5,16,14,8088.90,Correct!
512x512,5,16,15,9107.18,Correct!
512x512,5,16,16,5996.47,Correct!
512x512,5,16,17,6041.31,Correct!
512x512,5,16,18,5587.38,Correct!
512x512,5,16,19,5535.12,Correct!
512x512,5,16,20,5879.85,Correct!
512x512,5,16,21,8103.95,Correct!
512x512,5,16,22,8151.25,Correct!
512x512,5,16,23,8168.08,Correct!
512x512,5,16,24,7576.10,Correct!
512x512,5,16,25,8231.61,Correct!
512x512,5,16,26,7831.06,Correct!
512x512,5,16,27,9066.45,Correct!
512x512,5,16,28,8247.92,Correct!
512x512,5,16,29,9158.06,Correct!
512x512,5,16,30,7482.92,Correct!
512x512,5,32,1,5864.15,Correct!
512x512,5,32,2,5655.24,Correct!
512x512,5,32,3,5123.07,Correct!
512x512,5,32,4,6242.33,Correct!
512x512,5,32,5,5800.97,Correct!
512x512,5,32,6,6114.04,Correct!
512x512,5,32,7,5819.74,Correct!
512x512,5,32,8,5887.05,Correct!
512x512,5,32,9,5889.32,Correct!
512x512,5,32,10,5857.05,Correct!
512x512,5,32,11,5361.47,Correct!
512x512,5,32,12,5945.23,Correct!
512x512,5,32,13,5786.27,Correct!
512x512,5,32,14,5782.09,Correct!
512x512,5,32,15,5861.45,Correct!
512x512,5,32,16,5850.33,Correct!
512x512,5,32,17,8306.64,Correct!
512x512,5,32,18,8221.93,Correct!
512x512,5,32,19,7528.43,Correct!
512x512,5,32,20,6526.64,Correct!
512x512,5,32,21,7221.60,Correct!
512x512,5,32,22,5886.07,Correct!
512x512,5,32,23,6568.09,Correct!
512x512,5,32,24,6682.38,Correct!
512x512,5,32,25,9098.15,Correct!
512x512,5,32,26,9742.07,Correct!
512x512,5,32,27,6992.13,Correct!
512x512,5,32,28,6877.76,Correct!
512x512,5,32,29,6195.12,Correct!
512x512,5,32,30,5724.55,Correct!
512x512,7,1,1,68285.13,Correct!
512x512,7,1,2,68491.96,Correct!
512x512,7,1,3,68271.73,Correct!
512x512,7,1,4,43566.51,Correct!
512x512,7,1,5,68108.35,Correct!
512x512,7,1,6,68222.91,Correct!
512x512,7,1,7,68077.98,Correct!
512x512,7,1,8,68193.64,Correct!
512x512,7,1,9,68283.39,Correct!
512x512,7,1,10,68346.02,Correct!
512x512,7,1,11,78135.32,Correct!
512x512,7,1,12,70000.44,Correct!
512x512,7,1,13,68311.22,Correct!
512x512,7,1,14,68237.97,Correct!
512x512,7,1,15,68561.35,Correct!
512x512,7,1,16,68245.57,Correct!
512x512,7,1,17,69992.48,Correct!
512x512,7,1,18,52517.91,Correct!
512x512,7,1,19,68481.26,Correct!
512x512,7,1,20,71054.69,Correct!
512x512,7,1,21,54625.23,Correct!
512x512,7,1,22,68471.09,Correct!
512x512,7,1,23,68343.96,Correct!
512x512,7,1,24,68638.22,Correct!
512x512,7,1,25,69651.95,Correct!
512x512,7,1,26,68260.03,Correct!
512x512,7,1,27,68212.34,Correct!
512x512,7,1,28,69381.03,Correct!
512x512,7,1,29,68328.39,Correct!
512x512,7,1,30,75329.66,Correct!
512x512,7,2,1,43142.75,Correct!
512x512,7,2,2,43408.96,Correct!
512x512,7,2,3,43623.88,Correct!
512x512,7,2,4,44217.30,Correct!
512x512,7,2,5,44407.07,Correct!
512x512,7,2,6,44064.12,Correct!
512x512,7,2,7,42554.65,Correct!
512x512,7,2,8,43805.84,Correct!
512x512,7,2,9,44012.43,Correct!
512x512,7,2,10,44323.34,Correct!
512x512,7,2,11,43251.10,Correct!
512x512,7,2,12,46118.10,Correct!
512x512,7,2,13,43415.47,Correct!
512x512,7,2,14,44071.54,Correct!
512x512,7,2,15,40625.51,Correct!
512x512,7,2,16,44072.01,Correct!
512x512,7,2,17,43875.96,Correct!
512x512,7,2,18,43263.22,Correct!
512x512,7,2,19,44089.65,Correct!
512x512,7,2,20,43335.69,Correct!
512x512,7,2,21,43386.56,Correct!
512x512,7,2,22,43402.50,Correct!
512x512,7,2,23,44125.33,Correct!
512x512,7,2,24,42670.63,Correct!
512x512,7,2,25,43884.45,Correct!
512x512,7,2,26,43263.29,Correct!
512x512,7,2,27,42756.14,Correct!
512x512,7,2,28,43766.80,Correct!
512x512,7,2,29,43655.03,Correct!
512x512,7,2,30,43448.71,Correct!
512x512,7,4,1,27414.44,Correct!
512x512,7,4,2,29085.22,Correct!
512x512,7,4,3,30129.34,Correct!
512x512,7,4,4,29255.50,Correct!
512x512,7,4,5,30559.15,Correct!
512x512,7,4,6,30433.30,Correct!
512x512,7,4,7,30132.68,Correct!
512x512,7,4,8,29704.50,Correct!
512x512,7,4,9,29951.46,Correct!
512x512,7,4,10,29049.49,Correct!
512x512,7,4,11,29090.26,Correct!
512x512,7,4,12,29566.75,Correct!
512x512,7,4,13,30694.76,Correct!
512x512,7,4,14,30249.81,Correct!
512x512,7,4,15,30021.34,Correct!
512x512,7,4,16,30303.98,Correct!
512x512,7,4,17,29597.12,Correct!
512x512,7,4,18,32823.57,Correct!
512x512,7,4,19,30819.41,Correct!
512x512,7,4,20,30932.41,Correct!
512x512,7,4,21,30340.46,Correct!
512x512,7,4,22,30172.12,Correct!
512x512,7,4,23,22425.56,Correct!
512x512,7,4,24,29587.38,Correct!
512x512,7,4,25,30340.01,Correct!
512x512,7,4,26,19362.96,Correct!
512x512,7,4,27,29356.89,Correct!
512x512,7,4,28,25751.04,Correct!
512x512,7,4,29,29924.57,Correct!
512x512,7,4,30,26810.13,Correct!
512x512,7,8,1,16496.46,Correct!
512x512,7,8,2,18245.87,Correct!
512x512,7,8,3,18063.73,Correct!
512x512,7,8,4,19047.98,Correct!
512x512,7,8,5,19267.12,Correct!
512x512,7,8,6,19856.16,Correct!
512x512,7,8,7,19745.76,Correct!
512x512,7,8,8,19742.94,Correct!
512x512,7,8,9,18597.94,Correct!
512x512,7,8,10,20219.58,Correct!
512x512,7,8,11,20016.17,Correct!
512x512,7,8,12,19576.25,Correct!
512x512,7,8,13,20188.44,Correct!
512x512,7,8,14,19512.02,Correct!
512x512,7,8,15,19494.19,Correct!
512x512,7,8,16,19833.11,Correct!
512x512,7,8,17,20654.80,Correct!
512x512,7,8,18,19834.52,Correct!
512x512,7,8,19,20024.03,Correct!
512x512,7,8,20,19323.76,Correct!
512x512,7,8,21,19338.31,Correct!
512x512,7,8,22,17621.01,Correct!
512x512,7,8,23,20345.29,Correct!
512x512,7,8,24,19770.61,Correct!
512x512,7,8,25,21408.46,Correct!
512x512,7,8,26,14915.41,Correct!
512x512,7,8,27,20675.76,Correct!
512x512,7,8,28,19569.02,Correct!
512x512,7,8,29,20372.07,Correct!
512x512,7,8,30,20332.01,Correct!
512x512,7,16,1,12746.02,Correct!
512x512,7,16,2,9368.31,Correct!
512x512,7,16,3,8425.82,Correct!
512x512,7,16,4,11765.72,Correct!
512x512,7,16,5,12871.80,Correct!
512x512,7,16,6,12863.64,Correct!
512x512,7,16,7,12916.68,Correct!
512x512,7,16,8,12646.18,Correct!
512x512,7,16,9,12674.68,Correct!
512x512,7,16,10,12879.33,Correct!
512x512,7,16,11,12910.69,Correct!
512x512,7,16,12,12775.84,Correct!
512x512,7,16,13,12676.44,Correct!
512x512,7,16,14,12764.81,Correct!
512x512,7,16,15,14416.46,Correct!
512x512,7,16,16,11607.66,Correct!
512x512,7,16,17,11334.05,Correct!
512x512,7,16,18,13124.97,Correct!
512x512,7,16,19,11302.49,Correct!
512x512,7,16,20,10952.12,Correct!
512x512,7,16,21,9262.96,Correct!
512x512,7,16,22,9942.11,Correct!
512x512,7,16,23,9365.30,Correct!
512x512,7,16,24,8715.75,Correct!
512x512,7,16,25,8042.55,Correct!
512x512,7,16,26,7623.74,Correct!
512x512,7,16,27,8519.96,Correct!
512x512,7,16,28,11431.27,Correct!
512x512,7,16,29,15692.36,Correct!
512x512,7,16,30,16241.99,Correct!
512x512,7,32,1,10019.73,Correct!
512x512,7,32,2,10486.96,Correct!
512x512,7,32,3,9475.74,Correct!
512x512,7,32,4,7166.10,Correct!
512x512,7,32,5,8701.35,Correct!
512x512,7,32,6,9733.76,Correct!
512x512,7,32,7,8635.60,Correct!
512x512,7,32,8,8882.23,Correct!
512x512,7,32,9,8635.67,Correct!
512x512,7,32,10,8602.63,Correct!
512x512,7,32,11,8504.00,Correct!
512x512,7,32,12,8770.15,Correct!
512x512,7,32,13,8678.06,Correct!
512x512,7,32,14,8550.72,Correct!
512x512,7,32,15,9974.00,Correct!
512x512,7,32,16,10089.17,Correct!
512x512,7,32,17,9021.53,Correct!
512x512,7,32,18,9884.28,Correct!
512x512,7,32,19,7780.11,Correct!
512x512,7,32,20,8614.84,Correct!
512x512,7,32,21,8063.22,Correct!
512x512,7,32,22,7966.46,Correct!
512x512,7,32,23,6248.80,Correct!
512x512,7,32,24,5870.73,Correct!
512x512,7,32,25,5993.65,Correct!
512x512,7,32,26,7609.32,Correct!
512x512,7,32,27,6024.28,Correct!
512x512,7,32,28,7807.21,Correct!
512x512,7,32,29,9919.78,Correct!
512x512,7,32,30,9260.99,Correct!
512x512,9,1,1,109539.58,Correct!
512x512,9,1,2,109456.98,Correct!
512x512,9,1,3,111409.36,Correct!
512x512,9,1,4,109549.80,Correct!
512x512,9,1,5,109489.50,Correct!
512x512,9,1,6,109468.65,Correct!
512x512,9,1,7,112584.66,Correct!
512x512,9,1,8,152779.44,Correct!
512x512,9,1,9,93711.00,Correct!
512x512,9,1,10,109505.73,Correct!
512x512,9,1,11,109926.19,Correct!
512x512,9,1,12,109528.52,Correct!
512x512,9,1,13,126415.35,Correct!
512x512,9,1,14,109364.64,Correct!
512x512,9,1,15,132459.48,Correct!
512x512,9,1,16,109469.93,Correct!
512x512,9,1,17,109486.43,Correct!
512x512,9,1,18,109476.70,Correct!
512x512,9,1,19,109433.36,Correct!
512x512,9,1,20,116897.53,Correct!
512x512,9,1,21,123933.63,Correct!
512x512,9,1,22,122683.85,Correct!
512x512,9,1,23,121730.74,Correct!
512x512,9,1,24,122695.48,Correct!
512x512,9,1,25,109621.26,Correct!
512x512,9,1,26,127919.52,Correct!
512x512,9,1,27,133059.85,Correct!
512x512,9,1,28,129196.92,Correct!
512x512,9,1,29,136932.15,Correct!
512x512,9,1,30,109504.84,Correct!
512x512,9,2,1,63145.68,Correct!
512x512,9,2,2,63414.28,Correct!
512x512,9,2,3,64596.59,Correct!
512x512,9,2,4,67819.30,Correct!
512x512,9,2,5,63518.57,Correct!
512x512,9,2,6,64730.72,Correct!
512x512,9,2,7,60444.89,Correct!
512x512,9,2,8,56074.75,Correct!
512x512,9,2,9,56428.05,Correct!
512x512,9,2,10,51964.27,Correct!
512x512,9,2,11,63492.08,Correct!
512x512,9,2,12,56176.69,Correct!
512x512,9,2,13,80198.73,Correct!
512x512,9,2,14,64663.48,Correct!
512x512,9,2,15,56869.84,Correct!
512x512,9,2,16,63985.75,Correct!
512x512,9,2,17,66001.88,Correct!
512x512,9,2,18,64179.26,Correct!
512x512,9,2,19,61843.07,Correct!
512x512,9,2,20,55248.70,Correct!
512x512,9,2,21,64017.42,Correct!
512x512,9,2,22,58252.43,Correct!
512x512,9,2,23,64542.19,Correct!
512x512,9,2,24,64257.83,Correct!
512x512,9,2,25,64485.13,Correct!
512x512,9,2,26,64258.01,Correct!
512x512,9,2,27,66043.96,Correct!
512x512,9,2,28,61883.92,Correct!
512x512,9,2,29,64283.45,Correct!
512x512,9,2,30,52452.34,Correct!
512x512,9,4,1,40539.38,Correct!
512x512,9,4,2,41498.53,Correct!
512x512,9,4,3,38708.35,Correct!
512x512,9,4,4,43247.63,Correct!
512x512,9,4,5,41940.20,Correct!
512x512,9,4,6,41160.55,Correct!
512x512,9,4,7,41693.83,Correct!
512x512,9,4,8,42343.33,Correct!
512x512,9,4,9,42298.55,Correct!
512x512,9,4,10,40121.96,Correct!
512x512,9,4,11,40458.94,Correct!
512x512,9,4,12,41346.94,Correct!
512x512,9,4,13,41443.45,Correct!
512x512,9,4,14,41335.17,Correct!
512x512,9,4,15,41028.51,Correct!
512x512,9,4,16,41556.81,Correct!
512x512,9,4,17,41710.15,Correct!
512x512,9,4,18,41101.80,Correct!
512x512,9,4,19,41150.33,Correct!
512x512,9,4,20,41402.32,Correct!
512x512,9,4,21,41277.19,Correct!
512x512,9,4,22,41732.29,Correct!
512x512,9,4,23,42535.47,Correct!
512x512,9,4,24,40706.12,Correct!
512x512,9,4,25,30827.59,Correct!
512x512,9,4,26,39283.30,Correct!
512x512,9,4,27,38570.86,Correct!
512x512,9,4,28,42905.12,Correct!
512x512,9,4,29,41651.07,Correct!
512x512,9,4,30,42298.32,Correct!
512x512,9,8,1,22353.77,Correct!
512x512,9,8,2,24143.87,Correct!
512x512,9,8,3,25796.35,Correct!
512x512,9,8,4,27712.14,Correct!
512x512,9,8,5,26944.68,Correct!
512x512,9,8,6,26152.75,Correct!
512x512,9,8,7,26502.18,Correct!
512x512,9,8,8,28734.28,Correct!
512x512,9,8,9,27875.29,Correct!
512x512,9,8,10,28799.30,Correct!
512x512,9,8,11,28128.30,Correct!
512x512,9,8,12,28698.87,Correct!
512x512,9,8,13,29027.45,Correct!
512x512,9,8,14,27611.21,Correct!
512x512,9,8,15,28372.31,Correct!
512x512,9,8,16,28169.34,Correct!
512x512,9,8,17,28218.94,Correct!
512x512,9,8,18,34561.27,Correct!
512x512,9,8,19,27695.92,Correct!
512x512,9,8,20,25401.50,Correct!
512x512,9,8,21,25420.47,Correct!
512x512,9,8,22,27734.96,Correct!
512x512,9,8,23,22845.27,Correct!
512x512,9,8,24,26020.25,Correct!
512x512,9,8,25,24909.14,Correct!
512x512,9,8,26,26553.77,Correct!
512x512,9,8,27,24294.47,Correct!
512x512,9,8,28,28662.23,Correct!
512x512,9,8,29,23863.42,Correct!
512x512,9,8,30,28838.27,Correct!
512x512,9,16,1,20770.16,Correct!
512x512,9,16,2,21562.39,Correct!
512x512,9,16,3,18718.06,Correct!
512x512,9,16,4,21415.11,Correct!
512x512,9,16,5,20616.44,Correct!
512x512,9,16,6,18521.72,Correct!
512x512,9,16,7,19116.88,Correct!
512x512,9,16,8,19101.12,Correct!
512x512,9,16,9,18737.25,Correct!
512x512,9,16,10,17236.91,Correct!
512x512,9,16,11,18764.04,Correct!
512x512,9,16,12,19071.58,Correct!
512x512,9,16,13,18602.27,Correct!
512x512,9,16,14,17622.02,Correct!
512x512,9,16,15,19332.72,Correct!
512x512,9,16,16,11425.23,Correct!
512x512,9,16,17,14363.43,Correct!
512x512,9,16,18,13664.09,Correct!
512x512,9,16,19,12010.94,Correct!
512x512,9,16,20,12757.67,Correct!
512x512,9,16,21,11405.88,Correct!
512x512,9,16,22,11427.74,Correct!
512x512,9,16,23,12541.41,Correct!
512x512,9,16,24,11864.32,Correct!
512x512,9,16,25,11575.78,Correct!
512x512,9,16,26,13860.07,Correct!
512x512,9,16,27,11291.47,Correct!
512x512,9,16,28,12634.71,Correct!
512x512,9,16,29,11390.20,Correct!
512x512,9,16,30,10623.64,Correct!
512x512,9,32,1,7641.92,Correct!
512x512,9,32,2,14677.46,Correct!
512x512,9,32,3,7690.04,Correct!
512x512,9,32,4,8592.69,Correct!
512x512,9,32,5,12170.52,Correct!
512x512,9,32,6,12010.40,Correct!
512x512,9,32,7,12211.78,Correct!
512x512,9,32,8,12069.41,Correct!
512x512,9,32,9,10979.20,Correct!
512x512,9,32,10,12132.69,Correct!
512x512,9,32,11,12199.66,Correct!
512x512,9,32,12,12118.41,Correct!
512x512,9,32,13,12083.45,Correct!
512x512,9,32,14,12070.91,Correct!
512x512,9,32,15,7604.42,Correct!
512x512,9,32,16,7510.79,Correct!
512x512,9,32,17,7495.98,Correct!
512x512,9,32,18,14559.22,Correct!
512x512,9,32,19,13660.60,Correct!
512x512,9,32,20,14534.52,Correct!
512x512,9,32,21,8673.23,Correct!
512x512,9,32,22,14621.20,Correct!
512x512,9,32,23,15242.38,Correct!
512x512,9,32,24,8674.78,Correct!
512x512,9,32,25,14910.85,Correct!
512x512,9,32,26,8764.24,Correct!
512x512,9,32,27,10248.43,Correct!
512x512,9,32,28,8824.79,Correct!
512x512,9,32,29,8667.03,Correct!
512x512,9,32,30,8712.18,Correct!
1024x1024,3,1,1,62372.21,Correct!
1024x1024,3,1,2,62157.92,Correct!
1024x1024,3,1,3,62068.76,Correct!
1024x1024,3,1,4,62125.26,Correct!
1024x1024,3,1,5,62021.97,Correct!
1024x1024,3,1,6,62269.00,Correct!
1024x1024,3,1,7,62310.15,Correct!
1024x1024,3,1,8,62261.94,Correct!
1024x1024,3,1,9,62180.80,Correct!
1024x1024,3,1,10,62245.42,Correct!
1024x1024,3,1,11,62112.16,Correct!
1024x1024,3,1,12,62119.81,Correct!
1024x1024,3,1,13,62010.30,Correct!
1024x1024,3,1,14,62330.35,Correct!
1024x1024,3,1,15,56528.67,Correct!
1024x1024,3,1,16,62143.82,Correct!
1024x1024,3,1,17,62485.15,Correct!
1024x1024,3,1,18,63513.55,Correct!
1024x1024,3,1,19,62681.53,Correct!
1024x1024,3,1,20,62163.21,Correct!
1024x1024,3,1,21,62104.93,Correct!
1024x1024,3,1,22,62144.80,Correct!
1024x1024,3,1,23,62291.02,Correct!
1024x1024,3,1,24,62524.28,Correct!
1024x1024,3,1,25,53058.33,Correct!
1024x1024,3,1,26,62591.35,Correct!
1024x1024,3,1,27,62058.03,Correct!
1024x1024,3,1,28,62320.69,Correct!
1024x1024,3,1,29,62259.22,Correct!
1024x1024,3,1,30,62240.89,Correct!
1024x1024,3,2,1,43164.64,Correct!
1024x1024,3,2,2,49060.03,Correct!
1024x1024,3,2,3,36937.91,Correct!
1024x1024,3,2,4,36916.34,Correct!
1024x1024,3,2,5,33589.31,Correct!
1024x1024,3,2,6,45452.69,Correct!
1024x1024,3,2,7,47530.05,Correct!
1024x1024,3,2,8,48628.75,Correct!
1024x1024,3,2,9,43949.85,Correct!
1024x1024,3,2,10,43247.36,Correct!
1024x1024,3,2,11,42584.58,Correct!
1024x1024,3,2,12,42565.00,Correct!
1024x1024,3,2,13,31299.90,Correct!
1024x1024,3,2,14,31051.55,Correct!
1024x1024,3,2,15,45198.88,Correct!
1024x1024,3,2,16,43563.16,Correct!
1024x1024,3,2,17,42219.79,Correct!
1024x1024,3,2,18,45458.42,Correct!
1024x1024,3,2,19,32324.90,Correct!
1024x1024,3,2,20,37036.61,Correct!
1024x1024,3,2,21,43473.93,Correct!
1024x1024,3,2,22,42654.46,Correct!
1024x1024,3,2,23,43264.63,Correct!
1024x1024,3,2,24,42836.05,Correct!
1024x1024,3,2,25,34119.97,Correct!
1024x1024,3,2,26,48707.60,Correct!
1024x1024,3,2,27,42194.80,Correct!
1024x1024,3,2,28,42674.63,Correct!
1024x1024,3,2,29,42203.40,Correct!
1024x1024,3,2,30,42359.35,Correct!
1024x1024,3,4,1,25338.34,Correct!
1024x1024,3,4,2,29772.70,Correct!
1024x1024,3,4,3,31234.92,Correct!
1024x1024,3,4,4,31456.33,Correct!
1024x1024,3,4,5,31124.81,Correct!
1024x1024,3,4,6,22928.76,Correct!
1024x1024,3,4,7,29212.20,Correct!
1024x1024,3,4,8,31771.11,Correct!
1024x1024,3,4,9,32249.45,Correct!
1024x1024,3,4,10,31331.58,Correct!
1024x1024,3,4,11,31210.99,Correct!
1024x1024,3,4,12,15679.15,Correct!
1024x1024,3,4,13,26659.89,Correct!
1024x1024,3,4,14,28827.60,Correct!
1024x1024,3,4,15,31120.40,Correct!
1024x1024,3,4,16,31542.10,Correct!
1024x1024,3,4,17,32052.52,Correct!
1024x1024,3,4,18,30894.98,Correct!
1024x1024,3,4,19,32421.98,Correct!
1024x1024,3,4,20,23984.63,Correct!
1024x1024,3,4,21,31205.80,Correct!
1024x1024,3,4,22,30707.87,Correct!
1024x1024,3,4,23,36165.60,Correct!
1024x1024,3,4,24,23671.24,Correct!
1024x1024,3,4,25,30388.57,Correct!
1024x1024,3,4,26,31218.73,Correct!
1024x1024,3,4,27,31388.52,Correct!
1024x1024,3,4,28,31142.86,Correct!
1024x1024,3,4,29,31885.35,Correct!
1024x1024,3,4,30,35017.92,Correct!
1024x1024,3,8,1,23455.88,Correct!
1024x1024,3,8,2,28936.73,Correct!
1024x1024,3,8,3,21979.14,Correct!
1024x1024,3,8,4,29917.24,Correct!
1024x1024,3,8,5,20700.06,Correct!
1024x1024,3,8,6,21492.67,Correct!
1024x1024,3,8,7,18694.64,Correct!
1024x1024,3,8,8,23363.18,Correct!
1024x1024,3,8,9,22645.36,Correct!
1024x1024,3,8,10,22114.02,Correct!
1024x1024,3,8,11,23074.22,Correct!
1024x1024,3,8,12,22465.08,Correct!
1024x1024,3,8,13,24188.92,Correct!
1024x1024,3,8,14,23598.15,Correct!
1024x1024,3,8,15,21948.65,Correct!
1024x1024,3,8,16,28956.14,Correct!
1024x1024,3,8,17,19889.33,Correct!
1024x1024,3,8,18,29183.69,Correct!
1024x1024,3,8,19,22595.61,Correct!
1024x1024,3,8,20,17913.64,Correct!
1024x1024,3,8,21,18715.44,Correct!
1024x1024,3,8,22,22394.24,Correct!
1024x1024,3,8,23,22346.43,Correct!
1024x1024,3,8,24,18125.71,Correct!
1024x1024,3,8,25,28540.97,Correct!
1024x1024,3,8,26,21225.12,Correct!
1024x1024,3,8,27,22518.83,Correct!
1024x1024,3,8,28,19322.00,Correct!
1024x1024,3,8,29,21586.42,Correct!
1024x1024,3,8,30,23641.02,Correct!
1024x1024,3,16,1,15767.73,Correct!
1024x1024,3,16,2,14641.58,Correct!
1024x1024,3,16,3,16255.54,Correct!
1024x1024,3,16,4,16354.09,Correct!
1024x1024,3,16,5,16556.77,Correct!
1024x1024,3,16,6,16396.76,Correct!
1024x1024,3,16,7,13655.32,Correct!
1024x1024,3,16,8,21065.09,Correct!
1024x1024,3,16,9,13513.44,Correct!
1024x1024,3,16,10,19376.89,Correct!
1024x1024,3,16,11,13436.63,Correct!
1024x1024,3,16,12,16362.75,Correct!
1024x1024,3,16,13,14721.60,Correct!
1024x1024,3,16,14,15415.27,Correct!
1024x1024,3,16,15,16433.77,Correct!
1024x1024,3,16,16,16431.58,Correct!
1024x1024,3,16,17,16454.12,Correct!
1024x1024,3,16,18,16371.89,Correct!
1024x1024,3,16,19,13032.03,Correct!
1024x1024,3,16,20,13049.95,Correct!
1024x1024,3,16,21,15896.72,Correct!
1024x1024,3,16,22,17182.96,Correct!
1024x1024,3,16,23,15052.17,Correct!
1024x1024,3,16,24,14369.17,Correct!
1024x1024,3,16,25,12786.36,Correct!
1024x1024,3,16,26,17517.47,Correct!
1024x1024,3,16,27,18638.37,Correct!
1024x1024,3,16,28,16336.45,Correct!
1024x1024,3,16,29,16487.24,Correct!
1024x1024,3,16,30,16407.59,Correct!
1024x1024,3,32,1,13297.68,Correct!
1024x1024,3,32,2,18987.53,Correct!
1024x1024,3,32,3,19156.58,Correct!
1024x1024,3,32,4,17874.69,Correct!
1024x1024,3,32,5,18572.83,Correct!
1024x1024,3,32,6,17049.91,Correct!
1024x1024,3,32,7,17994.14,Correct!
1024x1024,3,32,8,22789.88,Correct!
1024x1024,3,32,9,17849.30,Correct!
1024x1024,3,32,10,19157.91,Correct!
1024x1024,3,32,11,14770.65,Correct!
1024x1024,3,32,12,13112.68,Correct!
1024x1024,3,32,13,13223.99,Correct!
1024x1024,3,32,14,13324.30,Correct!
1024x1024,3,32,15,20383.77,Correct!
1024x1024,3,32,16,14350.41,Correct!
1024x1024,3,32,17,18166.83,Correct!
1024x1024,3,32,18,16591.32,Correct!
1024x1024,3,32,19,18750.03,Correct!
1024x1024,3,32,20,16571.47,Correct!
1024x1024,3,32,21,18188.87,Correct!
1024x1024,3,32,22,16639.69,Correct!
1024x1024,3,32,23,16661.74,Correct!
1024x1024,3,32,24,13071.59,Correct!
1024x1024,3,32,25,13300.41,Correct!
1024x1024,3,32,26,13217.15,Correct!
1024x1024,3,32,27,14236.39,Correct!
1024x1024,3,32,28,18245.26,Correct!
1024x1024,3,32,29,18509.97,Correct!
1024x1024,3,32,30,17605.25,Correct!
1024x1024,5,1,1,162661.28,Correct!
1024x1024,5,1,2,174310.80,Correct!
1024x1024,5,1,3,149676.36,Correct!
1024x1024,5,1,4,146832.50,Correct!
1024x1024,5,1,5,148723.76,Correct!
1024x1024,5,1,6,146826.75,Correct!
1024x1024,5,1,7,147084.29,Correct!
1024x1024,5,1,8,147099.38,Correct!
1024x1024,5,1,9,147034.01,Correct!
1024x1024,5,1,10,147079.29,Correct!
1024x1024,5,1,11,146245.21,Correct!
1024x1024,5,1,12,147122.02,Correct!
1024x1024,5,1,13,147066.74,Correct!
1024x1024,5,1,14,176839.95,Correct!
1024x1024,5,1,15,146995.74,Correct!
1024x1024,5,1,16,150028.37,Correct!
1024x1024,5,1,17,171442.10,Correct!
1024x1024,5,1,18,146867.68,Correct!
1024x1024,5,1,19,146916.45,Correct!
1024x1024,5,1,20,146754.30,Correct!
1024x1024,5,1,21,173065.11,Correct!
1024x1024,5,1,22,147199.31,Correct!
1024x1024,5,1,23,187761.70,Correct!
1024x1024,5,1,24,147067.84,Correct!
1024x1024,5,1,25,147376.17,Correct!
1024x1024,5,1,26,146866.10,Correct!
1024x1024,5,1,27,166390.49,Correct!
1024x1024,5,1,28,147141.49,Correct!
1024x1024,5,1,29,148917.15,Correct!
1024x1024,5,1,30,102128.45,Correct!
1024x1024,5,2,1,86168.35,Correct!
1024x1024,5,2,2,77108.65,Correct!
1024x1024,5,2,3,85298.77,Correct!
1024x1024,5,2,4,86098.97,Correct!
1024x1024,5,2,5,85174.51,Correct!
1024x1024,5,2,6,84727.63,Correct!
1024x1024,5,2,7,85586.55,Correct!
1024x1024,5,2,8,87313.18,Correct!
1024x1024,5,2,9,78320.28,Correct!
1024x1024,5,2,10,84994.74,Correct!
1024x1024,5,2,11,76415.75,Correct!
1024x1024,5,2,12,86745.53,Correct!
1024x1024,5,2,13,85819.22,Correct!
1024x1024,5,2,14,100678.52,Correct!
1024x1024,5,2,15,76833.21,Correct!
1024x1024,5,2,16,68160.69,Correct!
1024x1024,5,2,17,81756.53,Correct!
1024x1024,5,2,18,79339.20,Correct!
1024x1024,5,2,19,78618.95,Correct!
1024x1024,5,2,20,83927.15,Correct!
1024x1024,5,2,21,85299.05,Correct!
1024x1024,5,2,22,85715.82,Correct!
1024x1024,5,2,23,86156.77,Correct!
1024x1024,5,2,24,83580.39,Correct!
1024x1024,5,2,25,63421.96,Correct!
1024x1024,5,2,26,75667.40,Correct!
1024x1024,5,2,27,66543.79,Correct!
1024x1024,5,2,28,98141.42,Correct!
1024x1024,5,2,29,64541.70,Correct!
1024x1024,5,2,30,93779.90,Correct!
1024x1024,5,4,1,47385.00,Correct!
1024x1024,5,4,2,54938.48,Correct!
1024x1024,5,4,3,55259.27,Correct!
1024x1024,5,4,4,54765.63,Correct!
1024x1024,5,4,5,57744.59,Correct!
1024x1024,5,4,6,47982.15,Correct!
1024x1024,5,4,7,52270.60,Correct!
1024x1024,5,4,8,49407.44,Correct!
1024x1024,5,4,9,49476.76,Correct!
1024x1024,5,4,10,53454.63,Correct!
1024x1024,5,4,11,54428.19,Correct!
1024x1024,5,4,12,54843.97,Correct!
1024x1024,5,4,13,52511.22,Correct!
1024x1024,5,4,14,54035.02,Correct!
1024x1024,5,4,15,54612.50,Correct!
1024x1024,5,4,16,55313.92,Correct!
1024x1024,5,4,17,53836.11,Correct!
1024x1024,5,4,18,53322.58,Correct!
1024x1024,5,4,19,54868.60,Correct!
1024x1024,5,4,20,54423.25,Correct!
1024x1024,5,4,21,45498.80,Correct!
1024x1024,5,4,22,52404.34,Correct!
1024x1024,5,4,23,52875.10,Correct!
1024x1024,5,4,24,46520.97,Correct!
1024x1024,5,4,25,55625.29,Correct!
1024x1024,5,4,26,55386.33,Correct!
1024x1024,5,4,27,55179.80,Correct!
1024x1024,5,4,28,51015.87,Correct!
1024x1024,5,4,29,54868.97,Correct!
1024x1024,5,4,30,48532.02,Correct!
1024x1024,5,8,1,38989.74,Correct!
1024x1024,5,8,2,36289.46,Correct!
1024x1024,5,8,3,47985.71,Correct!
1024x1024,5,8,4,51637.82,Correct!
1024x1024,5,8,5,33961.63,Correct!
1024x1024,5,8,6,47405.26,Correct!
1024x1024,5,8,7,38398.74,Correct!
1024x1024,5,8,8,39006.38,Correct!
1024x1024,5,8,9,37733.04,Correct!
1024x1024,5,8,10,38985.68,Correct!
1024x1024,5,8,11,29743.47,Correct!
1024x1024,5,8,12,47503.76,Correct!
1024x1024,5,8,13,24294.95,Correct!
1024x1024,5,8,14,37256.80,Correct!
1024x1024,5,8,15,40138.82,Correct!
1024x1024,5,8,16,50258.78,Correct!
1024x1024,5,8,17,48455.06,Correct!
1024x1024,5,8,18,34202.18,Correct!
1024x1024,5,8,19,44851.54,Correct!
1024x1024,5,8,20,37568.84,Correct!
1024x1024,5,8,21,31230.83,Correct!
1024x1024,5,8,22,39173.94,Correct!
1024x1024,5,8,23,38352.34,Correct!
1024x1024,5,8,24,38550.28,Correct!
1024x1024,5,8,25,38321.50,Correct!
1024x1024,5,8,26,39940.83,Correct!
1024x1024,5,8,27,42419.17,Correct!
1024x1024,5,8,28,32509.59,Correct!
1024x1024,5,8,29,28769.89,Correct!
1024x1024,5,8,30,41615.42,Correct!
1024x1024,5,16,1,16496.21,Correct!
1024x1024,5,16,2,18246.76,Correct!
1024x1024,5,16,3,27006.21,Correct!
1024x1024,5,16,4,27815.25,Correct!
1024x1024,5,16,5,27655.90,Correct!
1024x1024,5,16,6,27379.56,Correct!
1024x1024,5,16,7,26576.17,Correct!
1024x1024,5,16,8,23626.18,Correct!
1024x1024,5,16,9,33286.54,Correct!
1024x1024,5,16,10,23147.19,Correct!
1024x1024,5,16,11,25169.12,Correct!
1024x1024,5,16,12,17549.58,Correct!
1024x1024,5,16,13,20872.33,Correct!
1024x1024,5,16,14,25831.75,Correct!
1024x1024,5,16,15,24457.51,Correct!
1024x1024,5,16,16,27419.64,Correct!
1024x1024,5,16,17,27511.21,Correct!
1024x1024,5,16,18,24894.03,Correct!
1024x1024,5,16,19,27269.42,Correct!
1024x1024,5,16,20,30604.17,Correct!
1024x1024,5,16,21,22907.36,Correct!
1024x1024,5,16,22,27310.63,Correct!
1024x1024,5,16,23,25763.64,Correct!
1024x1024,5,16,24,22816.32,Correct!
1024x1024,5,16,25,32275.56,Correct!
1024x1024,5,16,26,22861.78,Correct!
1024x1024,5,16,27,25363.74,Correct!
1024x1024,5,16,28,27433.44,Correct!
1024x1024,5,16,29,27983.68,Correct!
1024x1024,5,16,30,27402.72,Correct!
1024x1024,5,32,1,19834.86,Correct!
1024x1024,5,32,2,16651.77,Correct!
1024x1024,5,32,3,24057.03,Correct!
1024x1024,5,32,4,15409.32,Correct!
1024x1024,5,32,5,23473.59,Correct!
1024x1024,5,32,6,16797.15,Correct!
1024x1024,5,32,7,19765.73,Correct!
1024x1024,5,32,8,13401.88,Correct!
1024x1024,5,32,9,21463.16,Correct!
1024x1024,5,32,10,19561.14,Correct!
1024x1024,5,32,11,19623.38,Correct!
1024x1024,5,32,12,19818.32,Correct!
1024x1024,5,32,13,16475.28,Correct!
1024x1024,5,32,14,24306.06,Correct!
1024x1024,5,32,15,16354.04,Correct!
1024x1024,5,32,16,22492.47,Correct!
1024x1024,5,32,17,16537.49,Correct!
1024x1024,5,32,18,18696.95,Correct!
1024x1024,5,32,19,23782.32,Correct!
1024x1024,5,32,20,19673.18,Correct!
1024x1024,5,32,21,20064.91,Correct!
1024x1024,5,32,22,19788.75,Correct!
1024x1024,5,32,23,19536.58,Correct!
1024x1024,5,32,24,19746.70,Correct!
1024x1024,5,32,25,19747.00,Correct!
1024x1024,5,32,26,20078.30,Correct!
1024x1024,5,32,27,16100.97,Correct!
1024x1024,5,32,28,17043.25,Correct!
1024x1024,5,32,29,24915.21,Correct!
1024x1024,5,32,30,12640.27,Correct!
1024x1024,7,1,1,273147.28,Correct!
1024x1024,7,1,2,272003.20,Correct!
1024x1024,7,1,3,163761.84,Correct!
1024x1024,7,1,4,298782.24,Correct!
1024x1024,7,1,5,271810.48,Correct!
1024x1024,7,1,6,271792.71,Correct!
1024x1024,7,1,7,272854.66,Correct!
1024x1024,7,1,8,271702.46,Correct!
1024x1024,7,1,9,271737.15,Correct!
1024x1024,7,1,10,271474.85,Correct!
1024x1024,7,1,11,274064.52,Correct!
1024x1024,7,1,12,271617.12,Correct!
1024x1024,7,1,13,271720.74,Correct!
1024x1024,7,1,14,272025.06,Correct!
1024x1024,7,1,15,271551.29,Correct!
1024x1024,7,1,16,271864.03,Correct!
1024x1024,7,1,17,316083.42,Correct!
1024x1024,7,1,18,292767.97,Correct!
1024x1024,7,1,19,272525.79,Correct!
1024x1024,7,1,20,273009.41,Correct!
1024x1024,7,1,21,271737.41,Correct!
1024x1024,7,1,22,271786.12,Correct!
1024x1024,7,1,23,271858.43,Correct!
1024x1024,7,1,24,271777.18,Correct!
1024x1024,7,1,25,271894.17,Correct!
1024x1024,7,1,26,271677.57,Correct!
1024x1024,7,1,27,271821.26,Correct!
1024x1024,7,1,28,320248.01,Correct!
1024x1024,7,1,29,272341.47,Correct!
1024x1024,7,1,30,189050.89,Correct!
1024x1024,7,2,1,148111.52,Correct!
1024x1024,7,2,2,148660.47,Correct!
1024x1024,7,2,3,147931.42,Correct!
1024x1024,7,2,4,121134.49,Correct!
1024x1024,7,2,5,163330.99,Correct!
1024x1024,7,2,6,119024.18,Correct!
1024x1024,7,2,7,118547.43,Correct!
1024x1024,7,2,8,148171.69,Correct!
1024x1024,7,2,9,147174.65,Correct!
1024x1024,7,2,10,123174.97,Correct!
1024x1024,7,2,11,117731.36,Correct!
1024x1024,7,2,12,110753.03,Correct!
1024x1024,7,2,13,133837.13,Correct!
1024x1024,7,2,14,128925.67,Correct!
1024x1024,7,2,15,147993.63,Correct!
1024x1024,7,2,16,109590.21,Correct!
1024x1024,7,2,17,148632.46,Correct!
1024x1024,7,2,18,148423.05,Correct!
1024x1024,7,2,19,148868.69,Correct!
1024x1024,7,2,20,115042.54,Correct!
1024x1024,7,2,21,151149.60,Correct!
1024x1024,7,2,22,131612.39,Correct!
1024x1024,7,2,23,123545.85,Correct!
1024x1024,7,2,24,147539.06,Correct!
1024x1024,7,2,25,148314.92,Correct!
1024x1024,7,2,26,163943.46,Correct!
1024x1024,7,2,27,129585.97,Correct!
1024x1024,7,2,28,160932.46,Correct!
1024x1024,7,2,29,130731.11,Correct!
1024x1024,7,2,30,147637.39,Correct!
1024x1024,7,4,1,79941.91,Correct!
1024x1024,7,4,2,80074.86,Correct!
1024x1024,7,4,3,85601.99,Correct!
1024x1024,7,4,4,78733.18,Correct!
1024x1024,7,4,5,86730.22,Correct!
1024x1024,7,4,6,90912.04,Correct!
1024x1024,7,4,7,86513.60,Correct!
1024x1024,7,4,8,86887.38,Correct!
1024x1024,7,4,9,80988.88,Correct!
1024x1024,7,4,10,85795.89,Correct!
1024x1024,7,4,11,76036.38,Correct!
1024x1024,7,4,12,82193.69,Correct!
1024x1024,7,4,13,77666.58,Correct!
1024x1024,7,4,14,82005.36,Correct!
1024x1024,7,4,15,88559.02,Correct!
1024x1024,7,4,16,86563.77,Correct!
1024x1024,7,4,17,86680.13,Correct!
1024x1024,7,4,18,81781.90,Correct!
1024x1024,7,4,19,88697.66,Correct!
1024x1024,7,4,20,86962.82,Correct!
1024x1024,7,4,21,90330.99,Correct!
1024x1024,7,4,22,81159.78,Correct!
1024x1024,7,4,23,81660.71,Correct!
1024x1024,7,4,24,70497.42,Correct!
1024x1024,7,4,25,85373.53,Correct!
1024x1024,7,4,26,69173.03,Correct!
1024x1024,7,4,27,87105.20,Correct!
1024x1024,7,4,28,80914.69,Correct!
1024x1024,7,4,29,83027.86,Correct!
1024x1024,7,4,30,85391.20,Correct!
1024x1024,7,8,1,54163.28,Correct!
1024x1024,7,8,2,53251.99,Correct!
1024x1024,7,8,3,51945.58,Correct!
1024x1024,7,8,4,53266.37,Correct!
1024x1024,7,8,5,53921.42,Correct!
1024x1024,7,8,6,55621.61,Correct!
1024x1024,7,8,7,54235.80,Correct!
1024x1024,7,8,8,57781.87,Correct!
1024x1024,7,8,9,42307.45,Correct!
1024x1024,7,8,10,58923.57,Correct!
1024x1024,7,8,11,57458.08,Correct!
1024x1024,7,8,12,54308.88,Correct!
1024x1024,7,8,13,52997.56,Correct!
1024x1024,7,8,14,54046.04,Correct!
1024x1024,7,8,15,54325.66,Correct!
1024x1024,7,8,16,53739.53,Correct!
1024x1024,7,8,17,57752.89,Correct!
1024x1024,7,8,18,57565.03,Correct!
1024x1024,7,8,19,58561.59,Correct!
1024x1024,7,8,20,58878.53,Correct!
1024x1024,7,8,21,55516.60,Correct!
1024x1024,7,8,22,62540.99,Correct!
1024x1024,7,8,23,56030.42,Correct!
1024x1024,7,8,24,54624.66,Correct!
1024x1024,7,8,25,54537.07,Correct!
1024x1024,7,8,26,46730.91,Correct!
1024x1024,7,8,27,53662.10,Correct!
1024x1024,7,8,28,60430.03,Correct!
1024x1024,7,8,29,56572.54,Correct!
1024x1024,7,8,30,54217.69,Correct!
1024x1024,7,16,1,54074.56,Correct!
1024x1024,7,16,2,53555.65,Correct!
1024x1024,7,16,3,56087.00,Correct!
1024x1024,7,16,4,35383.62,Correct!
1024x1024,7,16,5,39059.33,Correct!
1024x1024,7,16,6,39235.26,Correct!
1024x1024,7,16,7,39018.10,Correct!
1024x1024,7,16,8,44685.01,Correct!
1024x1024,7,16,9,41724.98,Correct!
1024x1024,7,16,10,28208.46,Correct!
1024x1024,7,16,11,52867.39,Correct!
1024x1024,7,16,12,28393.70,Correct!
1024x1024,7,16,13,40501.96,Correct!
1024x1024,7,16,14,35467.92,Correct!
1024x1024,7,16,15,38025.73,Correct!
1024x1024,7,16,16,38886.91,Correct!
1024x1024,7,16,17,38492.16,Correct!
1024x1024,7,16,18,38576.54,Correct!
1024x1024,7,16,19,53832.77,Correct!
1024x1024,7,16,20,28177.38,Correct!
1024x1024,7,16,21,39955.82,Correct!
1024x1024,7,16,22,50542.92,Correct!
1024x1024,7,16,23,41540.02,Correct!
1024x1024,7,16,24,42836.92,Correct!
1024x1024,7,16,25,38837.18,Correct!
1024x1024,7,16,26,39123.19,Correct!
1024x1024,7,16,27,38641.85,Correct!
1024x1024,7,16,28,38396.72,Correct!
1024x1024,7,16,29,41234.33,Correct!
1024x1024,7,16,30,28035.48,Correct!
1024x1024,7,32,1,33840.14,Correct!
1024x1024,7,32,2,25966.24,Correct!
1024x1024,7,32,3,30945.06,Correct!
1024x1024,7,32,4,18982.99,Correct!
1024x1024,7,32,5,24833.00,Correct!
1024x1024,7,32,6,27843.68,Correct!
1024x1024,7,32,7,27513.44,Correct!
1024x1024,7,32,8,26038.32,Correct!
1024x1024,7,32,9,25536.89,Correct!
1024x1024,7,32,10,19942.45,Correct!
1024x1024,7,32,11,28059.74,Correct!
1024x1024,7,32,12,18766.01,Correct!
1024x1024,7,32,13,25136.04,Correct!
1024x1024,7,32,14,29219.08,Correct!
1024x1024,7,32,15,23893.43,Correct!
1024x1024,7,32,16,25785.19,Correct!
1024x1024,7,32,17,28140.78,Correct!
1024x1024,7,32,18,21967.08,Correct!
1024x1024,7,32,19,30436.99,Correct!
1024x1024,7,32,20,19312.92,Correct!
1024x1024,7,32,21,29891.10,Correct!
1024x1024,7,32,22,20826.39,Correct!
1024x1024,7,32,23,27560.69,Correct!
1024x1024,7,32,24,27385.50,Correct!
1024x1024,7,32,25,27483.74,Correct!
1024x1024,7,32,26,29649.76,Correct!
1024x1024,7,32,27,18695.42,Correct!
1024x1024,7,32,28,24394.33,Correct!
1024x1024,7,32,29,36099.28,Correct!
1024x1024,7,32,30,26397.51,Correct!
1024x1024,9,1,1,436489.49,Correct!
1024x1024,9,1,2,436091.46,Correct!
1024x1024,9,1,3,435822.97,Correct!
1024x1024,9,1,4,462083.49,Correct!
1024x1024,9,1,5,436069.59,Correct!
1024x1024,9,1,6,436217.30,Correct!
1024x1024,9,1,7,452559.09,Correct!
1024x1024,9,1,8,436171.95,Correct!
1024x1024,9,1,9,437508.37,Correct!
1024x1024,9,1,10,504666.58,Correct!
1024x1024,9,1,11,436258.46,Correct!
1024x1024,9,1,12,437449.81,Correct!
1024x1024,9,1,13,465395.74,Correct!
1024x1024,9,1,14,504964.91,Correct!
1024x1024,9,1,15,436209.05,Correct!
1024x1024,9,1,16,325871.47,Correct!
1024x1024,9,1,17,435834.43,Correct!
1024x1024,9,1,18,436465.90,Correct!
1024x1024,9,1,19,292757.52,Correct!
1024x1024,9,1,20,298230.31,Correct!
1024x1024,9,1,21,329658.74,Correct!
1024x1024,9,1,22,263785.09,Correct!
1024x1024,9,1,23,436677.05,Correct!
1024x1024,9,1,24,435613.89,Correct!
1024x1024,9,1,25,437045.77,Correct!
1024x1024,9,1,26,304219.78,Correct!
1024x1024,9,1,27,262305.95,Correct!
1024x1024,9,1,28,435957.83,Correct!
1024x1024,9,1,29,508121.76,Correct!
1024x1024,9,1,30,436394.53,Correct!
1024x1024,9,2,1,247337.83,Correct!
1024x1024,9,2,2,184567.89,Correct!
1024x1024,9,2,3,229159.06,Correct!
1024x1024,9,2,4,229690.56,Correct!
1024x1024,9,2,5,245746.25,Correct!
1024x1024,9,2,6,209550.82,Correct!
1024x1024,9,2,7,230990.84,Correct!
1024x1024,9,2,8,210566.41,Correct!
1024x1024,9,2,9,184686.48,Correct!
1024x1024,9,2,10,173306.97,Correct!
1024x1024,9,2,11,230556.87,Correct!
1024x1024,9,2,12,203762.11,Correct!
1024x1024,9,2,13,196658.13,Correct!
1024x1024,9,2,14,257076.33,Correct!
1024x1024,9,2,15,231010.85,Correct!
1024x1024,9,2,16,188866.26,Correct!
1024x1024,9,2,17,230465.65,Correct!
1024x1024,9,2,18,229646.40,Correct!
1024x1024,9,2,19,171880.99,Correct!
1024x1024,9,2,20,248281.70,Correct!
1024x1024,9,2,21,180427.27,Correct!
1024x1024,9,2,22,229926.82,Correct!
1024x1024,9,2,23,229750.39,Correct!
1024x1024,9,2,24,230656.82,Correct!
1024x1024,9,2,25,229683.20,Correct!
1024x1024,9,2,26,230562.56,Correct!
1024x1024,9,2,27,229431.73,Correct!
1024x1024,9,2,28,249616.35,Correct!
1024x1024,9,2,29,199608.03,Correct!
1024x1024,9,2,30,230073.32,Correct!
1024x1024,9,4,1,127778.65,Correct!
1024x1024,9,4,2,80735.98,Correct!
1024x1024,9,4,3,128178.42,Correct!
1024x1024,9,4,4,117144.57,Correct!
1024x1024,9,4,5,171472.57,Correct!
1024x1024,9,4,6,127984.83,Correct!
1024x1024,9,4,7,108765.57,Correct!
1024x1024,9,4,8,111514.38,Correct!
1024x1024,9,4,9,126748.35,Correct!
1024x1024,9,4,10,127974.70,Correct!
1024x1024,9,4,11,125029.10,Correct!
1024x1024,9,4,12,113140.22,Correct!
1024x1024,9,4,13,100011.09,Correct!
1024x1024,9,4,14,109299.47,Correct!
1024x1024,9,4,15,102807.11,Correct!
1024x1024,9,4,16,108539.00,Correct!
1024x1024,9,4,17,111295.07,Correct!
1024x1024,9,4,18,126548.95,Correct!
1024x1024,9,4,19,107534.29,Correct!
1024x1024,9,4,20,117107.10,Correct!
1024x1024,9,4,21,109641.96,Correct!
1024x1024,9,4,22,107781.82,Correct!
1024x1024,9,4,23,104081.41,Correct!
1024x1024,9,4,24,105846.88,Correct!
1024x1024,9,4,25,121509.52,Correct!
1024x1024,9,4,26,95714.87,Correct!
1024x1024,9,4,27,126611.79,Correct!
1024x1024,9,4,28,127232.46,Correct!
1024x1024,9,4,29,118168.66,Correct!
1024x1024,9,4,30,117904.15,Correct!
1024x1024,9,8,1,83932.33,Correct!
1024x1024,9,8,2,88837.38,Correct!
1024x1024,9,8,3,92006.37,Correct!
1024x1024,9,8,4,67079.82,Correct!
1024x1024,9,8,5,66345.99,Correct!
1024x1024,9,8,6,76542.02,Correct!
1024x1024,9,8,7,74911.91,Correct!
1024x1024,9,8,8,72699.99,Correct!
1024x1024,9,8,9,68219.36,Correct!
1024x1024,9,8,10,89691.01,Correct!
1024x1024,9,8,11,83164.85,Correct!
1024x1024,9,8,12,93757.50,Correct!
1024x1024,9,8,13,106198.85,Correct!
1024x1024,9,8,14,75891.27,Correct!
1024x1024,9,8,15,76491.69,Correct!
1024x1024,9,8,16,74414.88,Correct!
1024x1024,9,8,17,76155.85,Correct!
1024x1024,9,8,18,71288.85,Correct!
1024x1024,9,8,19,84810.48,Correct!
1024x1024,9,8,20,79434.79,Correct!
1024x1024,9,8,21,70864.27,Correct!
1024x1024,9,8,22,103770.41,Correct!
1024x1024,9,8,23,76229.93,Correct!
1024x1024,9,8,24,71564.81,Correct!
1024x1024,9,8,25,80365.97,Correct!
1024x1024,9,8,26,75764.88,Correct!
1024x1024,9,8,27,74600.66,Correct!
1024x1024,9,8,28,72582.79,Correct!
1024x1024,9,8,29,72845.47,Correct!
1024x1024,9,8,30,77928.62,Correct!
1024x1024,9,16,1,55780.51,Correct!
1024x1024,9,16,2,54923.53,Correct!
1024x1024,9,16,3,49455.84,Correct!
1024x1024,9,16,4,49738.23,Correct!
1024x1024,9,16,5,50401.13,Correct!
1024x1024,9,16,6,48494.66,Correct!
1024x1024,9,16,7,56347.74,Correct!
1024x1024,9,16,8,68297.32,Correct!
1024x1024,9,16,9,45796.71,Correct!
1024x1024,9,16,10,61627.58,Correct!
1024x1024,9,16,11,67613.26,Correct!
1024x1024,9,16,12,69301.52,Correct!
1024x1024,9,16,13,48899.66,Correct!
1024x1024,9,16,14,52977.54,Correct!
1024x1024,9,16,15,49330.58,Correct!
1024x1024,9,16,16,50273.60,Correct!
1024x1024,9,16,17,43270.75,Correct!
1024x1024,9,16,18,40980.29,Correct!
1024x1024,9,16,19,66366.29,Correct!
1024x1024,9,16,20,70464.51,Correct!
1024x1024,9,16,21,70950.94,Correct!
1024x1024,9,16,22,76714.24,Correct!
1024x1024,9,16,23,39759.97,Correct!
1024x1024,9,16,24,69958.51,Correct!
1024x1024,9,16,25,50328.91,Correct!
1024x1024,9,16,26,49729.46,Correct!
1024x1024,9,16,27,49642.25,Correct!
1024x1024,9,16,28,53649.97,Correct!
1024x1024,9,16,29,53111.06,Correct!
1024x1024,9,16,30,49159.24,Correct!
1024x1024,9,32,1,35669.21,Correct!
1024x1024,9,32,2,24258.23,Correct!
1024x1024,9,32,3,39823.54,Correct!
1024x1024,9,32,4,36009.29,Correct!
1024x1024,9,32,5,35745.93,Correct!
1024x1024,9,32,6,36122.23,Correct!
1024x1024,9,32,7,35691.93,Correct!
1024x1024,9,32,8,41995.00,Correct!
1024x1024,9,32,9,32367.40,Correct!
1024x1024,9,32,10,40527.27,Correct!
1024x1024,9,32,11,34409.30,Correct!
1024x1024,9,32,12,36250.17,Correct!
1024x1024,9,32,13,42280.69,Correct!
1024x1024,9,32,14,35920.18,Correct!
1024x1024,9,32,15,36244.82,Correct!
1024x1024,9,32,16,35101.93,Correct!
1024x1024,9,32,17,35137.21,Correct!
1024x1024,9,32,18,36444.18,Correct!
1024x1024,9,32,19,28043.21,Correct!
1024x1024,9,32,20,30429.96,Correct!
1024x1024,9,32,21,32156.49,Correct!
1024x1024,9,32,22,41761.53,Correct!
1024x1024,9,32,23,35063.34,Correct!
1024x1024,9,32,24,32609.90,Correct!
1024x1024,9,32,25,34887.79,Correct!
1024x1024,9,32,26,36429.34,Correct!
1024x1024,9,32,27,36263.93,Correct!
1024x1024,9,32,28,48593.10,Correct!
1024x1024,9,32,29,40187.31,Correct!
1024x1024,9,32,30,37810.75,Correct!
4096x4096,3,1,1,1003309.82,Correct!
4096x4096,3,1,2,1136325.15,Correct!
4096x4096,3,1,3,1020135.42,Correct!
4096x4096,3,1,4,788310.28,Correct!
4096x4096,3,1,5,1139057.46,Correct!
4096x4096,3,1,6,678219.15,Correct!
4096x4096,3,1,7,1121812.88,Correct!
4096x4096,3,1,8,808767.52,Correct!
4096x4096,3,1,9,991930.81,Correct!
4096x4096,3,1,10,1141906.33,Correct!
4096x4096,3,1,11,984233.14,Correct!
4096x4096,3,1,12,656396.28,Correct!
4096x4096,3,1,13,889117.87,Correct!
4096x4096,3,1,14,992175.55,Correct!
4096x4096,3,1,15,978638.47,Correct!
4096x4096,3,1,16,728058.82,Correct!
4096x4096,3,1,17,1121712.67,Correct!
4096x4096,3,1,18,684510.99,Correct!
4096x4096,3,1,19,802790.65,Correct!
4096x4096,3,1,20,801447.94,Correct!
4096x4096,3,1,21,776054.68,Correct!
4096x4096,3,1,22,601835.65,Correct!
4096x4096,3,1,23,978030.72,Correct!
4096x4096,3,1,24,980232.93,Correct!
4096x4096,3,1,25,1098242.61,Correct!
4096x4096,3,1,26,801996.69,Correct!
4096x4096,3,1,27,981215.62,Correct!
4096x4096,3,1,28,980026.64,Correct!
4096x4096,3,1,29,978964.08,Correct!
4096x4096,3,1,30,1011130.28,Correct!
4096x4096,3,2,1,348133.15,Correct!
4096x4096,3,2,2,421442.12,Correct!
4096x4096,3,2,3,444387.51,Correct!
4096x4096,3,2,4,563478.65,Correct!
4096x4096,3,2,5,564635.47,Correct!
4096x4096,3,2,6,590998.81,Correct!
4096x4096,3,2,7,592260.52,Correct!
4096x4096,3,2,8,506977.43,Correct!
4096x4096,3,2,9,576609.10,Correct!
4096x4096,3,2,10,634439.75,Correct!
4096x4096,3,2,11,444235.37,Correct!
4096x4096,3,2,12,489708.84,Correct!
4096x4096,3,2,13,482768.75,Correct!
4096x4096,3,2,14,586666.09,Correct!
4096x4096,3,2,15,624125.12,Correct!
4096x4096,3,2,16,451376.50,Correct!
4096x4096,3,2,17,396593.50,Correct!
4096x4096,3,2,18,542261.66,Correct!
4096x4096,3,2,19,593960.94,Correct!
4096x4096,3,2,20,585713.06,Correct!
4096x4096,3,2,21,635103.81,Correct!
4096x4096,3,2,22,564008.48,Correct!
4096x4096,3,2,23,558553.99,Correct!
4096x4096,3,2,24,431091.68,Correct!
4096x4096,3,2,25,551766.45,Correct!
4096x4096,3,2,26,554866.35,Correct!
4096x4096,3,2,27,606039.60,Correct!
4096x4096,3,2,28,459273.60,Correct!
4096x4096,3,2,29,581761.64,Correct!
4096x4096,3,2,30,648179.71,Correct!
4096x4096,3,4,1,295833.89,Correct!
4096x4096,3,4,2,276544.76,Correct!
4096x4096,3,4,3,348013.06,Correct!
4096x4096,3,4,4,274955.90,Correct!
4096x4096,3,4,5,358049.43,Correct!
4096x4096,3,4,6,296106.75,Correct!
4096x4096,3,4,7,364917.41,Correct!
4096x4096,3,4,8,378283.62,Correct!
4096x4096,3,4,9,338020.17,Correct!
4096x4096,3,4,10,306761.36,Correct!
4096x4096,3,4,11,275930.83,Correct!
4096x4096,3,4,12,293987.36,Correct!
4096x4096,3,4,13,328435.07,Correct!
4096x4096,3,4,14,302523.68,Correct!
4096x4096,3,4,15,292259.84,Correct!
4096x4096,3,4,16,352355.32,Correct!
4096x4096,3,4,17,385381.32,Correct!
4096x4096,3,4,18,318322.73,Correct!
4096x4096,3,4,19,259774.74,Correct!
4096x4096,3,4,20,337285.25,Correct!
4096x4096,3,4,21,278789.32,Correct!
4096x4096,3,4,22,265403.85,Correct!
4096x4096,3,4,23,303668.21,Correct!
4096x4096,3,4,24,269839.95,Correct!
4096x4096,3,4,25,289044.90,Correct!
4096x4096,3,4,26,379232.19,Correct!
4096x4096,3,4,27,295096.54,Correct!
4096x4096,3,4,28,324589.20,Correct!
4096x4096,3,4,29,295345.10,Correct!
4096x4096,3,4,30,284470.21,Correct!
4096x4096,3,8,1,210136.76,Correct!
4096x4096,3,8,2,224163.20,Correct!
4096x4096,3,8,3,195880.48,Correct!
4096x4096,3,8,4,232933.57,Correct!
4096x4096,3,8,5,231566.91,Correct!
4096x4096,3,8,6,244760.38,Correct!
4096x4096,3,8,7,212444.78,Correct!
4096x4096,3,8,8,227230.47,Correct!
4096x4096,3,8,9,191109.02,Correct!
4096x4096,3,8,10,257122.42,Correct!
4096x4096,3,8,11,233476.42,Correct!
4096x4096,3,8,12,232739.89,Correct!
4096x4096,3,8,13,223389.69,Correct!
4096x4096,3,8,14,186265.57,Correct!
4096x4096,3,8,15,246108.55,Correct!
4096x4096,3,8,16,200067.20,Correct!
4096x4096,3,8,17,225090.37,Correct!
4096x4096,3,8,18,185393.97,Correct!
4096x4096,3,8,19,221235.16,Correct!
4096x4096,3,8,20,187613.42,Correct!
4096x4096,3,8,21,219036.69,Correct!
4096x4096,3,8,22,224481.75,Correct!
4096x4096,3,8,23,215018.46,Correct!
4096x4096,3,8,24,198253.86,Correct!
4096x4096,3,8,25,232923.19,Correct!
4096x4096,3,8,26,224816.43,Correct!
4096x4096,3,8,27,225201.85,Correct!
4096x4096,3,8,28,224952.77,Correct!
4096x4096,3,8,29,218584.74,Correct!
4096x4096,3,8,30,227126.95,Correct!
4096x4096,3,16,1,169580.91,Correct!
4096x4096,3,16,2,144242.86,Correct!
4096x4096,3,16,3,172116.74,Correct!
4096x4096,3,16,4,171275.34,Correct!
4096x4096,3,16,5,178254.62,Correct!
4096x4096,3,16,6,177917.31,Correct!
4096x4096,3,16,7,175969.33,Correct!
4096x4096,3,16,8,185274.72,Correct!
4096x4096,3,16,9,180864.92,Correct!
4096x4096,3,16,10,190716.62,Correct!
4096x4096,3,16,11,196770.10,Correct!
4096x4096,3,16,12,141301.99,Correct!
4096x4096,3,16,13,190656.76,Correct!
4096x4096,3,16,14,174388.80,Correct!
4096x4096,3,16,15,176214.75,Correct!
4096x4096,3,16,16,172960.79,Correct!
4096x4096,3,16,17,142211.02,Correct!
4096x4096,3,16,18,135982.07,Correct!
4096x4096,3,16,19,171278.18,Correct!
4096x4096,3,16,20,172870.13,Correct!
4096x4096,3,16,21,163926.86,Correct!
4096x4096,3,16,22,140232.87,Correct!
4096x4096,3,16,23,168424.33,Correct!
4096x4096,3,16,24,139680.34,Correct!
4096x4096,3,16,25,148090.05,Correct!
4096x4096,3,16,26,168511.88,Correct!
4096x4096,3,16,27,157555.94,Correct!
4096x4096,3,16,28,172419.93,Correct!
4096x4096,3,16,29,150122.75,Correct!
4096x4096,3,16,30,186218.85,Correct!
4096x4096,3,32,1,147828.22,Correct!
4096x4096,3,32,2,149509.26,Correct!
4096x4096,3,32,3,114128.10,Correct!
4096x4096,3,32,4,147184.17,Correct!
4096x4096,3,32,5,146229.85,Correct!
4096x4096,3,32,6,114564.75,Correct!
4096x4096,3,32,7,147004.40,Correct!
4096x4096,3,32,8,146908.80,Correct!
4096x4096,3,32,9,143003.54,Correct!
4096x4096,3,32,10,142333.20,Correct!
4096x4096,3,32,11,161352.59,Correct!
4096x4096,3,32,12,182636.39,Correct!
4096x4096,3,32,13,117030.11,Correct!
4096x4096,3,32,14,159973.30,Correct!
4096x4096,3,32,15,163092.23,Correct!
4096x4096,3,32,16,147952.23,Correct!
4096x4096,3,32,17,148034.16,Correct!
4096x4096,3,32,18,147844.41,Correct!
4096x4096,3,32,19,169413.12,Correct!
4096x4096,3,32,20,150910.08,Correct!
4096x4096,3,32,21,118261.72,Correct!
4096x4096,3,32,22,118403.07,Correct!
4096x4096,3,32,23,131084.30,Correct!
4096x4096,3,32,24,154889.32,Correct!
4096x4096,3,32,25,141781.86,Correct!
4096x4096,3,32,26,168159.86,Correct!
4096x4096,3,32,27,127267.90,Correct!
4096x4096,3,32,28,169233.47,Correct!
4096x4096,3,32,29,160153.80,Correct!
4096x4096,3,32,30,161357.96,Correct!
4096x4096,5,1,1,2371501.33,Correct!
4096x4096,5,1,2,1464676.46,Correct!
4096x4096,5,1,3,1982016.72,Correct!
4096x4096,5,1,4,2332022.41,Correct!
4096x4096,5,1,5,2368817.42,Correct!
4096x4096,5,1,6,1488736.00,Correct!
4096x4096,5,1,7,1485152.19,Correct!
4096x4096,5,1,8,2344629.39,Correct!
4096x4096,5,1,9,2043224.80,Correct!
4096x4096,5,1,10,1486577.73,Correct!
4096x4096,5,1,11,1494567.46,Correct!
4096x4096,5,1,12,1639932.59,Correct!
4096x4096,5,1,13,1666910.96,Correct!
4096x4096,5,1,14,1472236.62,Correct!
4096x4096,5,1,15,2110568.40,Correct!
4096x4096,5,1,16,1754331.32,Correct!
4096x4096,5,1,17,1598807.11,Correct!
4096x4096,5,1,18,1644898.72,Correct!
4096x4096,5,1,19,2341107.68,Correct!
4096x4096,5,1,20,1683695.20,Correct!
4096x4096,5,1,21,1642384.50,Correct!
4096x4096,5,1,22,2708901.17,Correct!
4096x4096,5,1,23,1782965.02,Correct!
4096x4096,5,1,24,1623658.17,Correct!
4096x4096,5,1,25,1542934.60,Correct!
4096x4096,5,1,26,2332517.71,Correct!
4096x4096,5,1,27,1585968.83,Correct!
4096x4096,5,1,28,1954268.91,Correct!
4096x4096,5,1,29,1611602.78,Correct!
4096x4096,5,1,30,2333103.70,Correct!
4096x4096,5,2,1,1296243.14,Correct!
4096x4096,5,2,2,966176.91,Correct!
4096x4096,5,2,3,1022492.80,Correct!
4096x4096,5,2,4,1064706.22,Correct!
4096x4096,5,2,5,1346396.24,Correct!
4096x4096,5,2,6,1170551.09,Correct!
4096x4096,5,2,7,1006177.64,Correct!
4096x4096,5,2,8,1252095.18,Correct!
4096x4096,5,2,9,1308602.11,Correct!
4096x4096,5,2,10,868885.86,Correct!
4096x4096,5,2,11,887312.85,Correct!
4096x4096,5,2,12,927666.97,Correct!
4096x4096,5,2,13,1019519.17,Correct!
4096x4096,5,2,14,1266688.10,Correct!
4096x4096,5,2,15,1323277.48,Correct!
4096x4096,5,2,16,1044760.29,Correct!
4096x4096,5,2,17,1164000.40,Correct!
4096x4096,5,2,18,1114240.68,Correct!
4096x4096,5,2,19,973040.67,Correct!
4096x4096,5,2,20,1022677.14,Correct!
4096x4096,5,2,21,1012524.23,Correct!
4096x4096,5,2,22,979711.26,Correct!
4096x4096,5,2,23,973191.98,Correct!
4096x4096,5,2,24,1273061.30,Correct!
4096x4096,5,2,25,1424932.73,Correct!
4096x4096,5,2,26,1095801.56,Correct!
4096x4096,5,2,27,1161695.25,Correct!
4096x4096,5,2,28,965578.47,Correct!
4096x4096,5,2,29,875197.71,Correct!
4096x4096,5,2,30,1313757.69,Correct!
4096x4096,5,4,1,570228.77,Correct!
4096x4096,5,4,2,524472.44,Correct!
4096x4096,5,4,3,583629.29,Correct!
4096x4096,5,4,4,567484.83,Correct!
4096x4096,5,4,5,462829.96,Correct!
4096x4096,5,4,6,598782.91,Correct!
4096x4096,5,4,7,646841.33,Correct!
4096x4096,5,4,8,560711.72,Correct!
4096x4096,5,4,9,612530.36,Correct!
4096x4096,5,4,10,640046.98,Correct!
4096x4096,5,4,11,670713.11,Correct!
4096x4096,5,4,12,595665.25,Correct!
4096x4096,5,4,13,520430.77,Correct!
4096x4096,5,4,14,558201.45,Correct!
4096x4096,5,4,15,568528.01,Correct!
4096x4096,5,4,16,679562.70,Correct!
4096x4096,5,4,17,647760.17,Correct!
4096x4096,5,4,18,653860.64,Correct!
4096x4096,5,4,19,613810.16,Correct!
4096x4096,5,4,20,610152.34,Correct!
4096x4096,5,4,21,679956.71,Correct!
4096x4096,5,4,22,607337.90,Correct!
4096x4096,5,4,23,707843.86,Correct!
4096x4096,5,4,24,601527.88,Correct!
4096x4096,5,4,25,693948.61,Correct!
4096x4096,5,4,26,669994.55,Correct!
4096x4096,5,4,27,605542.64,Correct!
4096x4096,5,4,28,764194.63,Correct!
4096x4096,5,4,29,632087.74,Correct!
4096x4096,5,4,30,679164.11,Correct!
4096x4096,5,8,1,349793.82,Correct!
4096x4096,5,8,2,457938.04,Correct!
4096x4096,5,8,3,382808.49,Correct!
4096x4096,5,8,4,314923.95,Correct!
4096x4096,5,8,5,394477.65,Correct!
4096x4096,5,8,6,375154.20,Correct!
4096x4096,5,8,7,542064.09,Correct!
4096x4096,5,8,8,438733.81,Correct!
4096x4096,5,8,9,373784.58,Correct!
4096x4096,5,8,10,367360.13,Correct!
4096x4096,5,8,11,321771.28,Correct!
4096x4096,5,8,12,369757.79,Correct!
4096x4096,5,8,13,409485.09,Correct!
4096x4096,5,8,14,459023.59,Correct!
4096x4096,5,8,15,397976.25,Correct!
4096x4096,5,8,16,390868.08,Correct!
4096x4096,5,8,17,342589.44,Correct!
4096x4096,5,8,18,406750.54,Correct!
4096x4096,5,8,19,403763.64,Correct!
4096x4096,5,8,20,448257.61,Correct!
4096x4096,5,8,21,412468.45,Correct!
4096x4096,5,8,22,333647.28,Correct!
4096x4096,5,8,23,381992.34,Correct!
4096x4096,5,8,24,399488.08,Correct!
4096x4096,5,8,25,391238.02,Correct!
4096x4096,5,8,26,324631.22,Correct!
4096x4096,5,8,27,381415.41,Correct!
4096x4096,5,8,28,530086.08,Correct!
4096x4096,5,8,29,426032.74,Correct!
4096x4096,5,8,30,381177.29,Correct!
4096x4096,5,16,1,251281.24,Correct!
4096x4096,5,16,2,265425.24,Correct!
4096x4096,5,16,3,259571.86,Correct!
4096x4096,5,16,4,307381.08,Correct!
4096x4096,5,16,5,340816.19,Correct!
4096x4096,5,16,6,231270.84,Correct!
4096x4096,5,16,7,264755.83,Correct!
4096x4096,5,16,8,258928.45,Correct!
4096x4096,5,16,9,219744.94,Correct!
4096x4096,5,16,10,259180.65,Correct!
4096x4096,5,16,11,261694.50,Correct!
4096x4096,5,16,12,249981.42,Correct!
4096x4096,5,16,13,260160.44,Correct!
4096x4096,5,16,14,270151.85,Correct!
4096x4096,5,16,15,272644.23,Correct!
4096x4096,5,16,16,271216.97,Correct!
4096x4096,5,16,17,275596.07,Correct!
4096x4096,5,16,18,328002.30,Correct!
4096x4096,5,16,19,259687.12,Correct!
4096x4096,5,16,20,247907.09,Correct!
4096x4096,5,16,21,253993.14,Correct!
4096x4096,5,16,22,239351.87,Correct!
4096x4096,5,16,23,248178.78,Correct!
4096x4096,5,16,24,268160.40,Correct!
4096x4096,5,16,25,259183.71,Correct!
4096x4096,5,16,26,326397.61,Correct!
4096x4096,5,16,27,224344.63,Correct!
4096x4096,5,16,28,267214.35,Correct!
4096x4096,5,16,29,265662.17,Correct!
4096x4096,5,16,30,253877.83,Correct!
4096x4096,5,32,1,180538.40,Correct!
4096x4096,5,32,2,198207.87,Correct!
4096x4096,5,32,3,188145.04,Correct!
4096x4096,5,32,4,186896.94,Correct!
4096x4096,5,32,5,185458.95,Correct!
4096x4096,5,32,6,158394.41,Correct!
4096x4096,5,32,7,154831.05,Correct!
4096x4096,5,32,8,185843.87,Correct!
4096x4096,5,32,9,155855.38,Correct!
4096x4096,5,32,10,196351.58,Correct!
4096x4096,5,32,11,196517.77,Correct!
4096x4096,5,32,12,192463.36,Correct!
4096x4096,5,32,13,189324.80,Correct!
4096x4096,5,32,14,187591.49,Correct!
4096x4096,5,32,15,193346.52,Correct!
4096x4096,5,32,16,192890.05,Correct!
4096x4096,5,32,17,204892.15,Correct!
4096x4096,5,32,18,195718.80,Correct!
4096x4096,5,32,19,184827.46,Correct!
4096x4096,5,32,20,185807.87,Correct!
4096x4096,5,32,21,186576.00,Correct!
4096x4096,5,32,22,231768.83,Correct!
4096x4096,5,32,23,252792.05,Correct!
4096x4096,5,32,24,189905.29,Correct!
4096x4096,5,32,25,184655.38,Correct!
4096x4096,5,32,26,188805.70,Correct!
4096x4096,5,32,27,213839.45,Correct!
4096x4096,5,32,28,191770.66,Correct!
4096x4096,5,32,29,186749.83,Correct!
4096x4096,5,32,30,156169.85,Correct!
4096x4096,7,1,1,2805776.66,Correct!
4096x4096,7,1,2,2913156.02,Correct!
4096x4096,7,1,3,4671703.53,Correct!
4096x4096,7,1,4,2790103.77,Correct!
4096x4096,7,1,5,2874584.09,Correct!
4096x4096,7,1,6,4390363.92,Correct!
4096x4096,7,1,7,2767420.94,Correct!
4096x4096,7,1,8,3018896.18,Correct!
4096x4096,7,1,9,3037384.87,Correct!
4096x4096,7,1,10,4050182.78,Correct!
4096x4096,7,1,11,4334552.64,Correct!
4096x4096,7,1,12,4407215.50,Correct!
4096x4096,7,1,13,3132232.35,Correct!
4096x4096,7,1,14,2983486.85,Correct!
4096x4096,7,1,15,2930134.00,Correct!
4096x4096,7,1,16,2849322.04,Correct!
4096x4096,7,1,17,2873254.57,Correct!
4096x4096,7,1,18,3294571.77,Correct!
4096x4096,7,1,19,2852954.50,Correct!
4096x4096,7,1,20,2961519.52,Correct!
4096x4096,7,1,21,2860391.88,Correct!
4096x4096,7,1,22,3156530.93,Correct!
4096x4096,7,1,23,4741774.16,Correct!
4096x4096,7,1,24,4473595.21,Correct!
4096x4096,7,1,25,2908779.87,Correct!
4096x4096,7,1,26,3655110.77,Correct!
4096x4096,7,1,27,4425324.44,Correct!
4096x4096,7,1,28,2905097.96,Correct!
4096x4096,7,1,29,2937169.74,Correct!
4096x4096,7,1,30,4203619.13,Correct!
4096x4096,7,2,1,2120069.12,Correct!
4096x4096,7,2,2,2289938.96,Correct!
4096x4096,7,2,3,1938874.10,Correct!
4096x4096,7,2,4,1843970.67,Correct!
4096x4096,7,2,5,1895789.93,Correct!
4096x4096,7,2,6,1825461.61,Correct!
4096x4096,7,2,7,2063550.28,Correct!
4096x4096,7,2,8,2157116.94,Correct!
4096x4096,7,2,9,1859711.54,Correct!
4096x4096,7,2,10,2414303.19,Correct!
4096x4096,7,2,11,1799215.50,Correct!
4096x4096,7,2,12,1956999.42,Correct!
4096x4096,7,2,13,2369257.84,Correct!
4096x4096,7,2,14,2274921.52,Correct!
4096x4096,7,2,15,1910830.18,Correct!
4096x4096,7,2,16,1859049.74,Correct!
4096x4096,7,2,17,1758894.90,Correct!
4096x4096,7,2,18,1865775.50,Correct!
4096x4096,7,2,19,1883763.72,Correct!
4096x4096,7,2,20,2361130.45,Correct!
4096x4096,7,2,21,2017439.23,Correct!
4096x4096,7,2,22,1839933.85,Correct!
4096x4096,7,2,23,1892749.46,Correct!
4096x4096,7,2,24,2261600.32,Correct!
4096x4096,7,2,25,2260064.63,Correct!
4096x4096,7,2,26,1831631.36,Correct!
4096x4096,7,2,27,1482318.13,Correct!
4096x4096,7,2,28,1924999.68,Correct!
4096x4096,7,2,29,1940825.35,Correct!
4096x4096,7,2,30,1584945.26,Correct!
4096x4096,7,4,1,1027518.39,Correct!
4096x4096,7,4,2,1171087.38,Correct!
4096x4096,7,4,3,1313890.68,Correct!
4096x4096,7,4,4,1048264.62,Correct!
4096x4096,7,4,5,1129659.98,Correct!
4096x4096,7,4,6,1287306.83,Correct!
4096x4096,7,4,7,1059535.97,Correct!
4096x4096,7,4,8,1266277.36,Correct!
4096x4096,7,4,9,1018495.64,Correct!
4096x4096,7,4,10,1044266.19,Correct!
4096x4096,7,4,11,1183184.78,Correct!
4096x4096,7,4,12,1020016.94,Correct!
4096x4096,7,4,13,887319.18,Correct!
4096x4096,7,4,14,1026887.17,Correct!
4096x4096,7,4,15,1149024.07,Correct!
4096x4096,7,4,16,1096462.63,Correct!
4096x4096,7,4,17,1002591.92,Correct!
4096x4096,7,4,18,1061408.70,Correct!
4096x4096,7,4,19,1059844.23,Correct!
4096x4096,7,4,20,1058405.80,Correct!
4096x4096,7,4,21,792069.98,Correct!
4096x4096,7,4,22,837970.27,Correct!
4096x4096,7,4,23,943130.19,Correct!
4096x4096,7,4,24,1251236.62,Correct!
4096x4096,7,4,25,1186106.32,Correct!
4096x4096,7,4,26,1134896.28,Correct!
4096x4096,7,4,27,1158306.30,Correct!
4096x4096,7,4,28,1065138.49,Correct!
4096x4096,7,4,29,1186252.10,Correct!
4096x4096,7,4,30,1153430.15,Correct!
4096x4096,7,8,1,624856.12,Correct!
4096x4096,7,8,2,603444.00,Correct!
4096x4096,7,8,3,590956.11,Correct!
4096x4096,7,8,4,613960.70,Correct!
4096x4096,7,8,5,608566.80,Correct!
4096x4096,7,8,6,617803.31,Correct!
4096x4096,7,8,7,623628.14,Correct!
4096x4096,7,8,8,664359.25,Correct!
4096x4096,7,8,9,649539.04,Correct!
4096x4096,7,8,10,630775.81,Correct!
4096x4096,7,8,11,720110.49,Correct!
4096x4096,7,8,12,703487.55,Correct!
4096x4096,7,8,13,630940.44,Correct!
4096x4096,7,8,14,630781.54,Correct!
4096x4096,7,8,15,668183.17,Correct!
4096x4096,7,8,16,591863.02,Correct!
4096x4096,7,8,17,687181.72,Correct!
4096x4096,7,8,18,637208.65,Correct!
4096x4096,7,8,19,572506.02,Correct!
4096x4096,7,8,20,555666.28,Correct!
4096x4096,7,8,21,543818.16,Correct!
4096x4096,7,8,22,651336.74,Correct!
4096x4096,7,8,23,546605.08,Correct!
4096x4096,7,8,24,640482.34,Correct!
4096x4096,7,8,25,620059.66,Correct!
4096x4096,7,8,26,630862.55,Correct!
4096x4096,7,8,27,623066.33,Correct!
4096x4096,7,8,28,643272.29,Correct!
4096x4096,7,8,29,663791.46,Correct!
4096x4096,7,8,30,652620.78,Correct!
4096x4096,7,16,1,381881.32,Correct!
4096x4096,7,16,2,422091.61,Correct!
4096x4096,7,16,3,473983.37,Correct!
4096x4096,7,16,4,404485.07,Correct!
4096x4096,7,16,5,347963.41,Correct!
4096x4096,7,16,6,323433.67,Correct!
4096x4096,7,16,7,334915.15,Correct!
4096x4096,7,16,8,383360.23,Correct!
4096x4096,7,16,9,355347.55,Correct!
4096x4096,7,16,10,357244.31,Correct!
4096x4096,7,16,11,383251.94,Correct!
4096x4096,7,16,12,371907.13,Correct!
4096x4096,7,16,13,322911.48,Correct!
4096x4096,7,16,14,373115.77,Correct!
4096x4096,7,16,15,309937.90,Correct!
4096x4096,7,16,16,317117.08,Correct!
4096x4096,7,16,17,358012.71,Correct!
4096x4096,7,16,18,315552.27,Correct!
4096x4096,7,16,19,451691.50,Correct!
4096x4096,7,16,20,401556.56,Correct!
4096x4096,7,16,21,388012.52,Correct!
4096x4096,7,16,22,378344.08,Correct!
4096x4096,7,16,23,363649.77,Correct!
4096x4096,7,16,24,365927.12,Correct!
4096x4096,7,16,25,395219.60,Correct!
4096x4096,7,16,26,359456.10,Correct!
4096x4096,7,16,27,379930.11,Correct!
4096x4096,7,16,28,378859.93,Correct!
4096x4096,7,16,29,385691.22,Correct!
4096x4096,7,16,30,444816.65,Correct!
4096x4096,7,32,1,287435.28,Correct!
4096x4096,7,32,2,247311.84,Correct!
4096x4096,7,32,3,250781.69,Correct!
4096x4096,7,32,4,212918.44,Correct!
4096x4096,7,32,5,237021.99,Correct!
4096x4096,7,32,6,243675.58,Correct!
4096x4096,7,32,7,265877.34,Correct!
4096x4096,7,32,8,264400.38,Correct!
4096x4096,7,32,9,267086.43,Correct!
4096x4096,7,32,10,233459.18,Correct!
4096x4096,7,32,11,287842.72,Correct!
4096x4096,7,32,12,298495.73,Correct!
4096x4096,7,32,13,252537.33,Correct!
4096x4096,7,32,14,251399.27,Correct!
4096x4096,7,32,15,247965.37,Correct!
4096x4096,7,32,16,254234.80,Correct!
4096x4096,7,32,17,246145.57,Correct!
4096x4096,7,32,18,259082.50,Correct!
4096x4096,7,32,19,246818.32,Correct!
4096x4096,7,32,20,247631.87,Correct!
4096x4096,7,32,21,258650.77,Correct!
4096x4096,7,32,22,274674.93,Correct!
4096x4096,7,32,23,256556.91,Correct!
4096x4096,7,32,24,240277.74,Correct!
4096x4096,7,32,25,269600.91,Correct!
4096x4096,7,32,26,269816.98,Correct!
4096x4096,7,32,27,273408.23,Correct!
4096x4096,7,32,28,229844.36,Correct!
4096x4096,7,32,29,245730.26,Correct!
4096x4096,7,32,30,249673.86,Correct!
4096x4096,9,1,1,5058331.85,Correct!
4096x4096,9,1,2,5178065.44,Correct!
4096x4096,9,1,3,4955523.03,Correct!
4096x4096,9,1,4,4699345.83,Correct!
4096x4096,9,1,5,5677515.12,Correct!
4096x4096,9,1,6,4584633.73,Correct!
4096x4096,9,1,7,7353626.08,Correct!
4096x4096,9,1,8,4632886.61,Correct!
4096x4096,9,1,9,4610548.44,Correct!
4096x4096,9,1,10,4684460.08,Correct!
4096x4096,9,1,11,6824772.58,Correct!
4096x4096,9,1,12,6377949.34,Correct!
4096x4096,9,1,13,4575804.00,Correct!
4096x4096,9,1,14,4904325.58,Correct!
4096x4096,9,1,15,5281318.53,Correct!
4096x4096,9,1,16,4891623.68,Correct!
4096x4096,9,1,17,4653602.49,Correct!
4096x4096,9,1,18,4581112.72,Correct!
4096x4096,9,1,19,5514276.41,Correct!
4096x4096,9,1,20,5986483.73,Correct!
4096x4096,9,1,21,6554593.21,Correct!
4096x4096,9,1,22,5620562.21,Correct!
4096x4096,9,1,23,4888492.72,Correct!
4096x4096,9,1,24,7660280.62,Correct!
4096x4096,9,1,25,5287101.49,Correct!
4096x4096,9,1,26,5497680.29,Correct!
4096x4096,9,1,27,4560066.08,Correct!
4096x4096,9,1,28,4527041.92,Correct!
4096x4096,9,1,29,5788907.73,Correct!
4096x4096,9,1,30,4793887.79,Correct!
4096x4096,9,2,1,2976630.08,Correct!
4096x4096,9,2,2,2367236.02,Correct!
4096x4096,9,2,3,2768438.75,Correct!
4096x4096,9,2,4,3901256.19,Correct!
4096x4096,9,2,5,2993356.49,Correct!
4096x4096,9,2,6,2460499.81,Correct!
4096x4096,9,2,7,2905609.27,Correct!
4096x4096,9,2,8,3232402.51,Correct!
4096x4096,9,2,9,2891229.66,Correct!
4096x4096,9,2,10,3103899.53,Correct!
4096x4096,9,2,11,3137555.90,Correct!
4096x4096,9,2,12,3524772.73,Correct!
4096x4096,9,2,13,3106560.83,Correct!
4096x4096,9,2,14,3089808.52,Correct!
4096x4096,9,2,15,2666967.84,Correct!
4096x4096,9,2,16,2850394.71,Correct!
4096x4096,9,2,17,2856993.71,Correct!
4096x4096,9,2,18,3009490.38,Correct!
4096x4096,9,2,19,2839106.04,Correct!
4096x4096,9,2,20,2825411.13,Correct!
4096x4096,9,2,21,3564831.09,Correct!
4096x4096,9,2,22,2394168.04,Correct!
4096x4096,9,2,23,2897261.36,Correct!
4096x4096,9,2,24,2418682.30,Correct!
4096x4096,9,2,25,3669720.63,Correct!
4096x4096,9,2,26,2449061.29,Correct!
4096x4096,9,2,27,2858313.96,Correct!
4096x4096,9,2,28,2952641.17,Correct!
4096x4096,9,2,29,2876278.87,Correct!
4096x4096,9,2,30,3430518.84,Correct!
4096x4096,9,4,1,1876559.24,Correct!
4096x4096,9,4,2,1692929.38,Correct!
4096x4096,9,4,3,1468814.39,Correct!
4096x4096,9,4,4,1855441.34,Correct!
4096x4096,9,4,5,1654912.04,Correct!
4096x4096,9,4,6,1937986.38,Correct!
4096x4096,9,4,7,1996061.82,Correct!
4096x4096,9,4,8,1762798.14,Correct!
4096x4096,9,4,9,1870082.93,Correct!
4096x4096,9,4,10,1801842.31,Correct!
4096x4096,9,4,11,1556373.94,Correct!
4096x4096,9,4,12,1509741.23,Correct!
4096x4096,9,4,13,1558669.93,Correct!
4096x4096,9,4,14,1718574.95,Correct!
4096x4096,9,4,15,1643180.69,Correct!
4096x4096,9,4,16,1598973.40,Correct!
4096x4096,9,4,17,1968713.60,Correct!
4096x4096,9,4,18,1588423.55,Correct!
4096x4096,9,4,19,1973534.54,Correct!
4096x4096,9,4,20,1873129.23,Correct!
4096x4096,9,4,21,1798405.18,Correct!
4096x4096,9,4,22,1755337.03,Correct!
4096x4096,9,4,23,1894416.71,Correct!
4096x4096,9,4,24,1653064.98,Correct!
4096x4096,9,4,25,1799104.75,Correct!
4096x4096,9,4,26,1772241.85,Correct!
4096x4096,9,4,27,1510200.91,Correct!
4096x4096,9,4,28,1866456.50,Correct!
4096x4096,9,4,29,1614320.04,Correct!
4096x4096,9,4,30,1496782.11,Correct!
4096x4096,9,8,1,867143.46,Correct!
4096x4096,9,8,2,931924.31,Correct!
4096x4096,9,8,3,951987.46,Correct!
4096x4096,9,8,4,893270.11,Correct!
4096x4096,9,8,5,842292.49,Correct!
4096x4096,9,8,6,948923.53,Correct!
4096x4096,9,8,7,815966.91,Correct!
4096x4096,9,8,8,958876.10,Correct!
4096x4096,9,8,9,890645.31,Correct!
4096x4096,9,8,10,845627.54,Correct!
4096x4096,9,8,11,836169.33,Correct!
4096x4096,9,8,12,1016251.12,Correct!
4096x4096,9,8,13,982379.48,Correct!
4096x4096,9,8,14,1048497.02,Correct!
4096x4096,9,8,15,928729.91,Correct!
4096x4096,9,8,16,790345.33,Correct!
4096x4096,9,8,17,926319.49,Correct!
4096x4096,9,8,18,1034869.19,Correct!
4096x4096,9,8,19,1011475.17,Correct!
4096x4096,9,8,20,918064.55,Correct!
4096x4096,9,8,21,858649.19,Correct!
4096x4096,9,8,22,911743.71,Correct!
4096x4096,9,8,23,940624.71,Correct!
4096x4096,9,8,24,998576.78,Correct!
4096x4096,9,8,25,870442.21,Correct!
4096x4096,9,8,26,1009659.16,Correct!
4096x4096,9,8,27,989511.79,Correct!
4096x4096,9,8,28,876278.43,Correct!
4096x4096,9,8,29,1004979.09,Correct!
4096x4096,9,8,30,787155.59,Correct!
4096x4096,9,16,1,505347.99,Correct!
4096x4096,9,16,2,617273.92,Correct!
4096x4096,9,16,3,512919.43,Correct!
4096x4096,9,16,4,593081.48,Correct!
4096x4096,9,16,5,549614.49,Correct!
4096x4096,9,16,6,559291.92,Correct!
4096x4096,9,16,7,513358.23,Correct!
4096x4096,9,16,8,448699.77,Correct!
4096x4096,9,16,9,503460.59,Correct!
4096x4096,9,16,10,582521.57,Correct!
4096x4096,9,16,11,472760.12,Correct!
4096x4096,9,16,12,502639.05,Correct!
4096x4096,9,16,13,579795.97,Correct!
4096x4096,9,16,14,561016.93,Correct!
4096x4096,9,16,15,494466.50,Correct!
4096x4096,9,16,16,531796.75,Correct!
4096x4096,9,16,17,576627.62,Correct!
4096x4096,9,16,18,599610.40,Correct!
4096x4096,9,16,19,491529.67,Correct!
4096x4096,9,16,20,528994.49,Correct!
4096x4096,9,16,21,553813.58,Correct!
4096x4096,9,16,22,596683.51,Correct!
4096x4096,9,16,23,505882.02,Correct!
4096x4096,9,16,24,519605.52,Correct!
4096x4096,9,16,25,641622.04,Correct!
4096x4096,9,16,26,625307.92,Correct!
4096x4096,9,16,27,532847.17,Correct!
4096x4096,9,16,28,567715.10,Correct!
4096x4096,9,16,29,437163.08,Correct!
4096x4096,9,16,30,549652.27,Correct!
4096x4096,9,32,1,328734.33,Correct!
4096x4096,9,32,2,321441.06,Correct!
4096x4096,9,32,3,330174.04,Correct!
4096x4096,9,32,4,347640.79,Correct!
4096x4096,9,32,5,349891.86,Correct!
4096x4096,9,32,6,328684.86,Correct!
4096x4096,9,32,7,323629.33,Correct!
4096x4096,9,32,8,354118.84,Correct!
4096x4096,9,32,9,386634.98,Correct!
4096x4096,9,32,10,325061.48,Correct!
4096x4096,9,32,11,347607.12,Correct!
4096x4096,9,32,12,368773.23,Correct!
4096x4096,9,32,13,327830.78,Correct!
4096x4096,9,32,14,383222.11,Correct!
4096x4096,9,32,15,366851.83,Correct!
4096x4096,9,32,16,327507.38,Correct!
4096x4096,9,32,17,412454.64,Correct!
4096x4096,9,32,18,325865.26,Correct!
4096x4096,9,32,19,382290.17,Correct!
4096x4096,9,32,20,412024.93,Correct!
4096x4096,9,32,21,293917.96,Correct!
4096x4096,9,32,22,332977.49,Correct!
4096x4096,9,32,23,319559.32,Correct!
4096x4096,9,32,24,315888.22,Correct!
4096x4096,9,32,25,319173.80,Correct!
4096x4096,9,32,26,331791.51,Correct!
4096x4096,9,32,27,328313.17,Correct!
4096x4096,9,32,28,335758.95,Correct!
4096x4096,9,32,29,364001.51,Correct!
4096x4096,9,32,30,350812.76,Correct!
